Insee - Statistiques locales; ; ; ; ; ; 
Référentiel géographique : France par intercommunalité; ; ; ; ; ; 
Code;Libellé;Part des pers. âgées de 65 ans ou + 2017;Nb créations d'entreprises 2020;Flux principal de migration résidentielle 2017;Médiane du niveau de vie 2018;Part des diplômés d'un BAC+5 ou plus dans la pop. non scolarisée de 15 ans ou + 2017
200000172;CC Faucigny-Glières;14.2;280;200033116;25420;7.1
200000438;CC du Pays de Pontchâteau Saint-Gildas-des-Bois;17.9;217;244400644;21500;3.1
200000545;CC des Portes de Romilly-sur-Seine;23.1;134;null;17940;2.9
200000628;CC Rhône Lez Provence;21.4;261;200042901;19440;3.7
200000800;CC Cœur de Sologne;25;52;null;21380;4.9
200000925;CC de la Plaine Dijonnaise;14.9;138;242100410;23600;5.1
200000933;CC Sauldre et Sologne;28.6;80;null;20750;3.9
200004802;CC du Pays de Fayence;24.6;550;null;22710;8.7
200005932;CC des Portes de Sologne;19.6;126;244500468;24090;8.6
200005957;CC de la Région de Rambervillers;20.8;68;null;19280;2.3
200006682;CA Beaune, Côte et Sud - Communauté Beaune-Chagny-Nolay;22.2;511;247100589;22760;6.6
200006716;CC du Nogentais;19.5;93;null;20690;4.3
200006930;CC du Haut-Allier;28.1;39;null;19620;3.8
200006971;CC du Perche;28;120;null;20700;4.1
200007052;CC de la Marche Berrichonne;36.5;40;null;18520;3
200007177;CC Pays de Nérondes;26.8;35;null;19790;3.3
200010650;CA du Grand Dole;22.4;429;242500361;21270;5.5
200010700;CA Caux Seine Agglo;18.2;432;200084952;21330;3.8
200011773;CA Annemasse-les Voirons-Agglomération;14.2;1305;200067551;26140;9.6
200011781;CC Portes du Berry entre Loire et Val d'Aubois;25;64;null;20560;3.3
200013050;CC Sauer-Pechelbronn;20.3;114;null;23580;3.9
200015162;CC de l'Oriente;28.2;75;null;17840;8.6
200016905;CC du Pays de Lamastre;28;60;null;18830;4.6
200017341;CC Lodévois et Larzac;24.6;175;null;17930;6.4
200017846;CA Étampois Sud-Essonne;15.4;606;200054781;22280;6.3
200018083;CC de Desvres-Samer;17.3;133;246200729;20200;3.7
200018166;CC Le Grésivaudan;18;1222;200040715;26550;19.1
200018406;CC du Romorantinais et du Monestois;25.4;232;null;20540;3.6
200018521;CC du Val de Bouzanne;25.7;31;null;20060;2.7
200018653;CA Cap Excellence;15.7;1728;249710062;N/A;6.3
200022986;CC du Grand Pic Saint-Loup;19.9;742;243400017;26150;18.9
200023075;CC du Pays de Maîche;18.5;113;null;27070;3.3
200023125;CC Les Portes Briardes entre Villes et Forêts;15.2;605;200054781;25880;9.1
200023240;CC Pays de Nemours;19.6;274;200023919;21870;5.4
200023299;CC Cœur de Tarentaise;18.9;206;null;22320;5.5
200023307;CA du Grand Villeneuvois;26.4;386;200035459;19340;4.4
200023372;CC de la Vallée de Chamonix-Mont-Blanc;18.7;484;null;23160;11.2
200023414;Métropole Rouen Normandie;18.3;5700;200070449;20990;9.7
200023620;CC de la Gascogne Toulousaine;14.2;247;243100518;24900;13.9
200023737;CA du Grand Cahors;25.4;409;243100518;21200;8
200023778;CC du Pays de Saint-Gilles-Croix-de-Vie;33.6;462;200071629;22000;3.6
200023794;CC de Blaye;21.3;178;243300811;20390;5.5
200023919;CC Gâtinais Val de Loing;20.6;153;null;21680;4.2
200026573;CC Haut-Jura Saint-Claude;23;168;null;21050;4.3
200027027;CC Arc Sud Bretagne;25.2;242;200067932;21520;4.2
200027076;CC Arnon Boischaut Cher;27;50;null;20830;2.9
200027100;CC Méditerranée Porte des Maures;29;645;248300543;22310;6.2
200027183;CU Perpignan Méditerranée Métropole;23.9;3503;200043602;19020;7
200027217;CC Sarlat-Périgord Noir;28.1;191;null;20580;6.2
200027308;CC d'Auberive Vingeanne et Montsaugeonnais;23.4;57;null;21520;3.5
200027548;CC des Savanes;4.9;183;249730045;N/A;6.8
200029734;CC des 4B Sud Charente;25.7;161;200071827;20060;3.6
200029999;CC Rives de l'Ain - Pays du Cerdon;18.3;144;240100883;22120;5.9
200030195;Métropole Nice Côte d'Azur;23.9;11213;240600585;21460;12
200030385;CA de Blois Agglopolys;21;1061;244100798;21700;8.1
200030435;CC d'Aire-sur-l'Adour;26.8;95;null;21030;4.6
200030526;CC du Ried de Marckolsheim;16.1;138;246700967;23250;3.5
200030633;CA du Caudrésis et du Catésis;18.2;358;200068500;18240;2.6
200030658;CC du Trièves;22.7;125;200040715;22050;9.1
200030674;CA Val de Garonne Agglomération;25.7;510;243300316;19560;4
200032514;CC Berry-Loire-Vauvise;27.5;30;null;20060;2.3
200033025;CA de Bar-le-Duc - Sud Meuse;23.3;178;null;21210;5
200033090;CC Plaines et Monts de France;9.9;262;null;26340;5.6
200033116;CC Cluses-Arve et Montagnes;15.2;472;200000172;23000;4.6
200033173;CC de la Haute Vallée de Chevreuse;21.5;336;200058782;33180;26.7
200033181;CA Chartres Métropole;19.1;1295;200054781;22860;8
200033298;CC des Coëvrons;23.5;141;200083392;20200;3
200033579;CU d'Arras;18.5;1012;200093201;21510;8.5
200033827;CC de Fium'orbu Castellu;24.1;149;null;19300;4.3
200033868;CC des Ballons des Hautes-Vosges;26.4;112;null;19470;2.1
200034023;CC Tarn-Agout;19.2;329;200066124;22790;10.3
200034031;CC des Monts d'Alban et du Villefranchois;25.5;57;null;19250;3.9
200034049;CC Centre Tarn;22.8;92;null;20050;4.6
200034056;CC du Lautrécois et du Pays d'Agout;21.5;141;null;20830;5.3
200034064;CC du Cordais et du Causse (4 C);32.2;53;null;18280;8.4
200034098;CC des Montagnes du Giffre;18.3;201;null;25310;7.4
200034130;CC Gally Mauldre;19.6;311;200054781;35350;26.8
200034197;CC de Montaigne Montravel et Gurson;25.6;133;null;19380;4.3
200034205;CC de la Costa Verde;25.9;123;null;19070;6.9
200034270;CC du Pays de Barr;18.7;191;246700488;23850;7.3
200034379;CC Pays d'Uzès;28;358;243000643;20640;8
200034411;CC du Piémont Cévenol;23.3;249;200066918;19730;7.1
200034601;CC Causses Aigoual Cévennes;30.3;63;null;17650;6.9
200034635;CC du Kochersberg;18.4;260;246700488;27360;12.7
200034692;CA du Gard Rhodanien;21;772;248400251;21000;6.8
200034700;CA Durance-Lubéron-Verdon Agglomération;24.2;748;200054807;21200;8.8
200034718;CC de Vitry, Champagne et Der;22.4;163;null;19640;3.5
200034726;CC Bastides de Lomagne;24.8;95;null;21410;7.5
200034825;CA du Grand Guéret;23.9;176;null;21080;5.1
200034833;CC des Bastides Dordogne-Périgord;32.6;183;null;20070;4.7
200034874;CC Côtes de Meuse Woëvre;18.3;51;null;21010;4.1
200034882;CC Pays du Mont-Blanc;19.9;695;200033116;23940;7.4
200034957;CC du Frontonnais;14.5;357;243100518;23990;9.5
200035087;CA Terre de Provence;20.2;819;248400251;21130;6.5
200035103;CC de la Vallée de la Haute-Sarthe;22.7;44;null;20500;4.2
200035111;CC des Sources de l'Orne;23.7;69;null;20090;4
200035129;CC de Cèze Cévennes;30.7;189;200066918;17920;3.5
200035137;CC Marche Occitane - Val d'Anglin;33.3;55;null;18710;3.4
200035202;CC Charlieu-Belmont;23.7;181;200035731;20980;3.7
200035319;CA Var Estérel Méditerranée (Cavem);31.1;2148;248300493;22000;7.2
200035327;CC Cazals-Salviac;33.8;74;null;19210;5
200035442;CC du Sud-Artois;18.5;150;200033579;20120;3.4
200035459;CA d'Agen;21;1092;243300316;20990;6.9
200035533;CC du Grand Saint-Émilionnais;21.5;154;200070092;21550;6
200035541;CC des Landes d'Armagnac;29.9;77;null;20290;3.6
200035632;CC Armagnac Adour;30.1;58;null;19630;4
200035707;CC Piège Lauragais Malepère;24.2;135;200035715;19700;6
200035715;CA Carcassonne Agglo;23.3;1178;243100518;19280;6.4
200035723;CC Ventoux Sud;21.9;108;null;19610;6.2
200035731;CA Roannais Agglomération;25.9;1043;200046977;20570;4.9
200035756;CC Astarac Arros en Gascogne;28.1;59;null;20270;4.5
200035764;CC de la Beauce Loirétaine;16;104;244500468;22990;3.8
200035772;CC du Pays du Saintois;18.3;100;null;22810;5.8
200035814;CA Flers Agglo;24.7;285;200065597;20040;3.9
200035848;CC du Châtillonnais en Berry;37.6;34;null;19480;2.5
200035855;CC Castelnaudary Lauragais Audois;21.2;222;200035707;20020;6.8
200035863;CC Région Lézignanaise, Corbières et Minervois;24.9;351;241100593;18670;5.1
200035970;CC Vexin Centre;14.8;296;249500109;27190;9.9
200036069;CC du Pays de Mortagne-au-Perche;26.8;106;null;20290;4.9
200036077;CC du Golfe de Saint-Tropez;26.9;1334;200030195;21870;6.5
200036135;CC Cœur de France;31;100;null;19690;3.3
200036150;CC des Hauts du Val de Saône;29.3;47;null;19130;2.3
200036465;CC de Thann-Cernay;19.5;265;200066009;22670;6
200036473;CA de Saintes;24.9;646;200041689;21260;5.9
200036499;CC de Marana-Golo;15.3;399;242000354;20760;6.6
200036523;CC des Bastides en Haut-Agenais Périgord;29.6;160;null;19550;4.4
200036549;CC Val de Gray;24.9;129;242500361;20210;3.8
200036572;CC Porte d'Aquitaine en Pays de Serres;22.6;39;null;20960;4.8
200037059;CC de la Haute-Somme;21.1;197;null;19510;3.3
200037133;CC du Provinois;17.8;299;null;20960;5.2
200038958;CC de la Pieve de l'Ornano et du Taravo;30.6;204;242010056;23450;8.8
200038990;CC de Saint-Méen Montauban;17.7;159;243500139;21240;4.5
200039022;CA Vitré Communauté;16.5;622;243500139;21680;5.4
200039055;CC Ouche et Montagne;19.9;129;242100410;24280;8.9
200039063;CC Forêts, Seine et Suzon;23;65;242100410;25500;11
200039204;CC de Lacq-Orthez;23.4;370;200067254;21400;4.6
200039519;CC du Quercy Blanc;30.5;79;200023737;19660;5.4
200039642;CC Le Tonnerrois en Bourgogne;27.8;102;null;19810;3.7
200039709;CC du Serein;27.1;41;null;21130;4
200039758;CC Avallon, Vézelay, Morvan;26.7;132;null;20300;5
200039808;CC des Gorges de l'Ardèche;28.5;220;null;20320;5.3
200039824;CC Ardèche des Sources et Volcans;30;86;null;18950;4.3
200039832;CC Pays des Vans en Cévennes;31.8;132;null;19340;6.6
200039857;CA du Pays de Grasse;20.7;1743;200039915;23270;10.7
200039865;Metz Métropole;18.3;2541;245400676;21640;12.1
200039907;CC du Sud Messin;15.1;127;200039865;24340;6.9
200039915;CA Cannes Pays de Lérins;28.3;3510;200039857;21590;9.8
200039931;CC Alpes d'Azur;26.7;115;200030195;19760;5.6
200039949;CC Rives de Moselle;18.4;444;245701271;22080;6.3
200040038;CC Saône Doubs Bresse;20.6;101;247100589;21420;3.3
200040095;CC Isle Vern Salembre en Périgord;26.7;130;200040392;20200;3.5
200040111;CC Cœur de Chartreuse;19.7;206;null;22560;7.6
200040137;CC des Lacs de Champagne;25.9;54;200069250;20720;3.1
200040178;CC de l'Outre-Forêt;18;85;null;23800;3.8
200040202;CC Provence Verdon;23.6;284;200054807;20760;6
200040210;CC Lacs et Gorges du Verdon;31;114;null;19920;6
200040244;CA du Bocage Bressuirais;21.4;482;200041333;19960;3.4
200040251;CC Bassée-Montois;18.5;207;null;22500;3.8
200040277;CA du Pays de Dreux;17.5;1069;200071454;20960;4.9
200040293;CC du Clunisois;27.9;116;null;21510;8.6
200040350;CC Bugey Sud;21.5;325;null;21600;5.3
200040384;CC Isle Double Landais;29.1;122;null;19480;3
200040392;CA Le Grand Périgueux;23.3;1051;243300316;21130;6.3
200040400;CC du Périgord Ribéracois;31;224;null;19410;4.3
200040418;CC du Pays de Serres en Quercy;31.6;78;null;18290;5
200040426;CC du Val de l'Oise;20.2;84;200071892;20800;3.3
200040442;CA Luberon Monts de Vaucluse;22.7;767;200054807;20110;7
200040459;CA Montélimar Agglomération;20.4;824;200071405;20960;7.5
200040475;CC Loué - Brûlon - Noyen;18.7;73;null;20760;3.6
200040491;CC Porte de Drômardèche;19.8;401;200068781;20590;4
200040509;CC du Crestois et de Pays de Saillans Cœur de Drôme;24.3;226;null;20120;8.7
200040558;CC Écueillé-Valençay;34.8;62;null;19610;2.6
200040566;CA de l'Ouest Rhodanien;22;410;200046977;20870;3.7
200040574;CC Beaujolais Pierres Dorées;18.1;728;200046977;26320;11.3
200040590;CA Villefranche Beaujolais Saône;18.3;1025;200046977;21140;7.3
200040624;CC Pays d'Apt-Luberon;27.1;402;null;19860;7.3
200040657;CC de la Matheysine;22.8;202;200040715;21720;5.9
200040681;CC Enclave des Papes-Pays de Grignan;25.7;241;null;20080;5.6
200040715;Grenoble-Alpes-Métropole;17.7;6273;200018166;22720;17.6
200040764;CC du Sud Corse;19.6;531;null;20010;6.1
200040772;CC du Perche et Haut Vendômois;25.4;81;null;20800;2.9
200040798;CC Val Vanoise;17.5;264;null;23880;6.5
200040814;CC Briance Sud Haute Vienne;24.3;74;null;20880;5.7
200040830;CC du Pays de Fénelon;28.2;110;null;20430;4.1
200040889;CC de Portes Sud Périgord;32;111;null;19580;5.5
200040905;CC Carmausin-Ségala;28;223;248100737;19280;3.1
200040947;CC de Flandre Intérieure;18.1;715;200093201;21800;5.3
200040954;CC des Hauts de Flandre;17.8;310;245900428;21770;4.8
200041010;CC Cœur de Savoie;18.4;385;200069110;23640;7.5
200041051;CC Vallée de la Dordogne et Forêt Bessède;31.7;109;null;19250;5.3
200041150;CC du Terrassonnais en Périgord Noir Thenon Hautefort;27;178;null;19620;4
200041168;CC de la Vallée de l'Homme;32.2;215;null;19610;5.6
200041283;CC de la Plaine du Rhin;17.8;92;null;25970;5.6
200041317;CA du Niortais;21.1;883;200041994;22690;8.7
200041325;CC du Pays Rhénan;18.3;227;200067874;25000;5.8
200041333;CC de Parthenay-Gâtine;26.5;249;null;19530;3.4
200041366;CC Rhône Crussol;22.6;334;200068781;23170;8.8
200041416;CC Airvaudais-Val du Thouet;28.5;57;null;19870;3.2
200041440;CC de Domme-Villefranche du Périgord;32.5;109;null;19190;4.3
200041465;CC Val Eyrieux;28.8;98;null;19810;4.1
200041499;CC Aunis Atlantique;17;307;241700434;21410;4.5
200041507;CA La Riviera du Levant;17.6;1213;200018653;N/A;7.2
200041515;CC du Bassin de Pont-à-Mousson;18.1;314;245400676;21410;5.2
200041523;CC de la Haute-Saintonge;26.8;619;200036473;19620;3.4
200041556;CC Portes de la Creuse en Marche;33.5;36;null;18880;2.4
200041572;CC Dronne et Belle;30.7;118;null;20430;4.6
200041614;CC Aunis Sud;20.5;308;241700434;20870;4.2
200041622;CC Ardennes Thiérache;20.9;64;null;19240;3
200041630;CA Ardenne Métropole;20.9;875;200067213;19320;4.7
200041689;CC des Vals de Saintonge Communauté;27.8;469;200036473;19480;3.7
200041721;CC de la Haute Comté;24.8;94;null;19240;2.4
200041762;CA Rochefort Océan;23.8;628;241700434;20780;5.2
200041788;CA du Pays Nord Martinique;21.3;714;249720061;16100;3.9
200041853;CC du Pays de Montbozon et du Chanois;20.4;37;null;21690;4.5
200041861;CC du Triangle Vert;18.6;92;null;21210;3.3
200041879;CC Terres de Saône;20.4;81;247000011;21080;3
200041887;CC du Val Marnaysien;17.1;111;242500361;22480;5.9
200041960;CC Pévèle-Carembault;16.6;904;200093201;25050;11.7
200041994;CC Haut Val de Sèvre;19.8;171;200041317;21530;4.5
200042000;CC Bruyères-Vallons des Vosges;22.3;111;200068757;19980;3
200042174;CA Lorient Agglomération;23.3;1772;243500139;21500;6.8
200042182;CC du Mont des Avaloirs;27.3;93;null;19500;2.6
200042190;CA de la Porte du Hainaut;16.5;1202;245901160;18220;4
200042372;CC des Coteaux Arrats Gimone;24.1;99;null;21350;6.5
200042414;CC Bresse Revermont 71;27.6;68;null;20360;3.3
200042463;CC de la Montagne Noire;27.4;48;null;18450;5.3
200042497;CC Dombes Saône Vallée;15.4;472;200046977;25550;9.6
200042604;CC de Granville, Terre et Mer;31.1;376;200069425;21650;5.3
200042620;CC de la Région de Suippes;14.9;35;null;21090;2.9
200042646;CC Grand Orb;30.3;160;null;18630;4.5
200042653;CC Sud-Hérault;28;163;null;19360;5.8
200042703;CC de l'Argonne Champenoise;25.7;74;null;20380;3.1
200042729;CC de la Baie du Cotentin;25.1;122;200067205;19880;3.3
200042901;CC Drôme Sud Provence;19.3;409;200040459;21650;6.5
200042935;CA Haut - Bugey Agglomération;18.2;564;200071751;20520;4.3
200042943;CC du Cap Corse;32.1;94;null;20080;7.4
200042992;CC Perthois-Bocage et Der;23.5;40;null;21500;2.8
200043016;CC Val de Charente;29.7;159;null;18980;3.9
200043065;CC du Val d'Amboise;22.5;236;243700754;21880;6.4
200043081;CC Chinon, Vienne et Loire;24;163;243700754;21520;5.4
200043123;CC Auray Quiberon Terre Atlantique;25;880;200067932;22100;6.8
200043156;CC du Pays Rethélois;19;192;200067213;21000;4
200043172;CA du Bassin de Brive;24.9;922;248719312;21210;5.9
200043263;CC Cœur de l'Avesnois;20.1;176;200043396;19270;4.1
200043321;CC du Pays de Mormal;18.9;329;200043396;21440;6.5
200043354;CC de Villedieu Intercom;25.9;107;200069425;19850;3.2
200043396;CA Maubeuge Val de Sambre;17.7;722;200043263;17310;3.2
200043404;CC du Sud Avesnois;20.5;129;null;16980;2.6
200043438;CC de la Moivre à la Coole;18.6;84;200066876;24540;4.5
200043495;CA du Pays de Laon;18.7;253;null;19510;5.5
200043602;CC des Albères, de la Côte Vermeille et de l'Illibéris;31.8;683;200027183;20220;6.2
200043628;CC des Vallées du Clain;17.8;207;200069854;22430;6.5
200043693;CC Terre Lorraine du Longuyonnais;20;67;245400262;21980;3.2
200043776;CC Pyrénées Audoises;34.2;165;null;17560;4.2
200043974;CC du Sud Gironde;20.7;432;243300316;20640;5.4
200043982;CC du Bazadais;25.9;143;200043974;19730;4.2
200043990;CC Vallons de Haute-Bretagne Communauté;14.7;297;243500139;21860;6.4
200044014;CC Creuse Grand Sud;29;97;null;18730;5.1
200044030;CC des Sept Vallées;22.5;180;200069029;18980;3.2
200044048;CC Osartis Marquion;17.6;276;200033579;21620;4.5
200044253;CC du Bassin de Joinville en Champagne;25.3;60;null;18840;2.8
200044394;CC du Réolais en Sud Gironde;23.3;224;243300316;19110;3.9
200044469;CC du Pays de Mirepoix;25.7;120;null;19340;6
200044618;CA Douaisis Agglo;18;1155;245901152;19110;5.2
200044691;CA du Nord Grande Terre;19.2;619;200018653;N/A;3.1
200046977;Métropole de Lyon;16.2;28918;200054781;22480;18.1
200048551;CC du Pays de Craon;21.7;150;200083392;20020;2.6
200049187;CA du Grand Verdun;20.7;173;200066165;20200;5.2
200049211;CC Conflent-Canigó;29.3;200;null;18460;6.4
200049484;CC Berry Grand Sud;32.9;70;null;19030;3.3
200050532;CC de Petite-Terre;N/A;170;null;N/A;N/A
200054781;Métropole du Grand Paris;14.7;175339;200058519;23540;24.8
200054807;Métropole d'Aix-Marseille-Provence;19.7;31158;200054781;21480;12.3
200055481;CC Beauce Val de Loire;21.5;142;200030385;21650;4.2
200055655;CA Roissy Pays de France;11.5;5745;200054781;19180;5.5
200055887;CC Mayenne Communauté;21;193;200083392;21250;4
200056232;CA Communauté Paris-Saclay;15;5078;200054781;26460;21.5
200056380;CA Plaine Vallée;15.8;2979;200054781;24730;14.4
200057859;CA Cœur d'Essonne Agglomération;14.3;2656;200054781;23930;10.1
200057958;CA Paris - Vallée de la Marne;12.7;3600;200054781;22650;9.5
200058360;CC Entre Beauce et Perche;18.6;140;200033181;22510;3.7
200058477;CA Val d'Yerres Val de Seine;16;2514;200054781;23620;11.6
200058485;CA Val Parisis;14.7;4253;200054781;24580;12.1
200058519;CA Saint-Germain Boucles de Seine;16.7;5651;200054781;29200;26.2
200058782;CA de Saint-Quentin-en-Yvelines;12.7;3591;200054781;24680;16.5
200059228;CA Grand Paris Sud Seine Essonne Sénart;11.1;5849;200054781;20850;8.9
200059392;CC Bièvre Isère;19.2;605;243800604;21930;5
200059400;CC Porte Océane du Limousin;26.7;189;248719312;21020;3.8
200059871;CC du Centre-Ouest;N/A;289;null;N/A;N/A
200059889;CU Grand Paris Seine et Oise;15;6360;200054781;22770;11.3
200060010;CA Mauges Communauté;17.5;670;200071678;20870;3
200060457;CA Dembeni-Mamoudzou;N/A;462;null;N/A;N/A
200060465;CA du Grand Nord de Mayotte;N/A;260;null;N/A;N/A
200060473;CC du Sud;N/A;171;null;N/A;N/A
200065563;CC Normandie-Cabourg-Pays d'Auge;26.3;357;200065597;22400;6.5
200065589;CC Val ès Dunes;15.7;138;200065597;21680;4.3
200065597;CU Caen la Mer;18.3;3593;200054781;21730;11.5
200065647;CA Pays de Montbéliard Agglomération;21.7;1105;200069052;20730;5.5
200065787;CC de Pont-Audemer / Val de Risle;19.4;223;200023414;20820;4.2
200065886;CA Loire Forez Agglomération;20.9;1087;244200770;21850;5.2
200065894;CC de Forez-Est;22.2;541;244200770;21810;5
200065928;CA Lannion-Trégor Communauté;29.1;696;200067981;21620;9.3
200066009;CA Mulhouse Alsace Agglomération;18.5;2997;246700488;21040;7.3
200066017;CC Lieuvin Pays d'Auge;20.2;173;200066413;20940;3.8
200066025;CC Pays Rhin - Brisach;16.7;215;246800726;24520;4.2
200066033;CC Sud Alsace Largue;17.9;150;null;24700;4.3
200066041;CC Sundgau;18.8;296;200066009;27540;5.9
200066058;CA Saint-Louis Agglomération;17.2;671;200066009;29800;10.4
200066108;CC des Portes de Meuse;21.7;91;200033025;21020;2.6
200066116;CC Argonne-Meuse;25.9;28;null;20380;3.3
200066124;CA Gaillac-Graulhet;23.1;898;248100737;20330;7
200066132;CC du Pays de Stenay et du Val Dunois;26.2;33;null;19630;2.5
200066140;CC de l'Aire à l'Argonne;22.3;35;null;21310;4.2
200066157;CC de Commercy - Void - Vaucouleurs;21.6;102;null;19950;3.5
200066165;CC Val de Meuse - Voie Sacrée;18.8;45;200049187;21050;3.1
200066173;CC de Damvillers Spincourt;17;34;null;20410;2.5
200066223;CC Arize Lèze;25.2;118;null;19110;6
200066231;CC des Portes d'Ariège Pyrénées;21;403;200067791;19860;5
200066280;CC du Pithiverais;19;188;200071850;21050;3.6
200066322;CC Terres des Confluences;22.2;355;248200099;18710;3.9
200066330;CC Terres du Haut Berry;21.5;183;241800507;22310;4.8
200066348;CC du Minervois au Caroux;29.7;146;null;17670;6.1
200066355;CA Sète Agglopôle Méditerranée;25.9;1596;243400017;19970;6.4
200066363;CC de la Haute Ariège;30.8;76;null;20570;5.7
200066371;CC Causses et Vallée de la Dordogne;29.5;430;null;20570;5.3
200066389;CA Saint-Lô Agglo;21.6;507;200065597;21020;4.6
200066405;CC Roumois Seine;18.2;300;200023414;23720;5.6
200066413;CC Intercom Bernay Terres de Normandie;22.8;366;200023414;21050;4.3
200066462;CC Interco Normandie Sud Eure;21.4;300;200071454;20580;4.2
200066512;CC Élan Limousin Avenir Nature;22.4;184;248719312;21110;4.5
200066520;CC Ouest Limousin;30.4;104;null;19340;4
200066553;CC des Monts de Lacaune et de la Montagne du Haut Languedoc;30.6;62;null;19390;3.8
200066561;CC Sidobre Vals et Plateaux;27;87;null;19920;3.7
200066587;CC des Monts du Lyonnais;18.2;301;200046977;21840;4.1
200066603;CC du Pays de Lubersac-Pompadour;31.3;65;null;20330;4.6
200066637;CC Hautes Terres Communauté;31.2;59;null;19740;3.7
200066645;CC Vézère-Monédières-Millesources;38.5;46;null;19590;4.1
200066652;CC Grand Sud Tarn et Garonne;16;422;243100518;21460;5.8
200066660;CC Saint-Flour Communauté;25.9;125;null;20050;3.7
200066678;CC de la Châtaigneraie Cantalienne;28.8;113;241500230;20180;3.5
200066710;CC Cingal-Suisse Normande;16.8;204;200065597;21700;5.4
200066728;CC Vallées de l'Orne et de l'Odon;15;204;200065597;23870;7.8
200066744;CC Haute-Corrèze Communauté;26.7;245;null;20260;4.3
200066751;CC Xaintrie Val'Dordogne;33.7;83;null;19840;3.5
200066769;CC Midi Corrézien;29.2;130;null;21010;5.6
200066777;CC Ploërmel Communauté;24.4;309;200066785;20570;4.5
200066785;CC de l'Oust à Brocéliande;22.1;251;200066777;20810;4.4
200066793;CA du Grand Annecy;19;3373;247400740;26420;13.8
200066801;CC Isigny-Omaha Intercom;22.7;154;241400555;20480;3.3
200066819;CC du Volvestre;18.1;335;243100518;21800;6.6
200066827;CC du Pays de Honfleur-Beuzeville;20.6;301;null;21640;6.8
200066835;CC de Sézanne-Sud Ouest Marnais;23.3;155;null;21760;3.7
200066850;CC des Paysages de la Champagne;20.9;141;200067684;23420;3.8
200066868;CC Presqu'île de Crozon-Aulne maritime;28;180;242900314;21390;6.4
200066876;CA de Châlons-en-Champagne;18.7;594;200067213;20970;5.7
200066884;CC Quercy Vert-Aveyron;20;192;248200099;20620;4.7
200066892;CC de Vendeuvre-Soulaines;23.1;42;null;20670;3
200066918;CA Alès Agglomération;25.2;1372;243000643;18670;5.3
200066926;CA Grand Auch Cœur de Gascogne;24.7;396;243100518;21510;7.5
200066975;CC Senlis Sud Oise;18.3;277;null;27580;14.9
200067023;CC Coutances Mer et Bocage;26.3;329;200042604;20610;5
200067031;CC Côte Ouest Centre Manche;27.4;120;null;19740;2.9
200067049;CC Spelunca-Liamone;32.9;112;null;20930;6.6
200067064;CC Decazeville Communauté;31.8;129;null;19300;2.6
200067072;CC Haut-Léon Communauté;26.7;189;242900751;20930;5.1
200067080;CC Chablis Villages et Terroirs;22.6;91;200067114;21850;4.1
200067106;CA du Pays Basque;24.4;4597;243300316;21800;9.4
200067114;CA de l'Auxerrois;22.8;605;242100410;21230;6.9
200067122;CC Coteaux et Plaines du Pays Lafrançaisain;20.9;84;null;20330;4.1
200067130;CC de Puisaye-Forterre;29.7;250;200067114;20370;3.8
200067155;CC Saint Affricain, Roquefort, Sept Vallons;26.7;103;null;20300;5.3
200067163;CC Monts, Rance et Rougier;29.4;47;null;18950;3.6
200067171;CC Aubrac, Carladez et Viadène;34.7;69;null;19560;3.8
200067189;CC Creuse Sud Ouest;31.1;87;null;18680;4.3
200067197;CC Monts d'Arrée Communauté;28.3;79;null;18920;6.6
200067205;CA du Cotentin;20.7;1087;200065597;21670;5.9
200067213;CU du Grand Reims;17.1;3431;200054781;21690;10.4
200067221;CC Centre Morbihan Communauté;20.5;290;245614433;20730;3.4
200067239;CC des Luys en Béarn;19.2;255;200067254;22770;7.4
200067247;CC Pleyben-Châteaulin-Porzay;21.2;154;200068120;20980;5.3
200067254;CA Pau Béarn Pyrénées;22.2;1960;200067296;22010;12.9
200067262;CC du Haut-Béarn;25.7;257;200067254;21160;5.8
200067288;CC du Béarn des Gaves;29.8;152;200039204;20350;5.1
200067296;CC du Nord Est Béarn;19.7;293;200067254;23160;8.8
200067304;CC Serein et Armance;21.6;158;200067114;20510;2.7
200067320;CC Serre-Ponçon Val d'Avance;19.5;86;null;20800;6.1
200067346;CA Pornic Agglo Pays de Retz;23.6;701;244400404;22580;5.9
200067361;CC Grand-Figeac;28.2;392;200066371;21070;6.3
200067379;CC Côtes de Champagne et Val de Saulx;20.8;72;null;20780;2.9
200067429;CC Haut Nivernais-Val d'Yonne;31;78;null;19510;3.4
200067437;CA Provence-Alpes-Agglomération;24.9;431;200054807;20480;6.2
200067445;CC Buëch-Dévoluy;27.2;111;null;20130;6.4
200067452;CC du Guillestrois et du Queyras;22.4;130;null;20850;7.3
200067460;CC Loudéac Communauté - Bretagne Centre;24.5;290;200069409;20400;3.1
200067478;CC Comtal Lot et Truyère;28.4;163;241200187;21330;5
200067486;CC Bouzonvillois-Trois Frontières;17;130;null;23290;5
200067502;CA Saint-Avold Synergie;20.2;410;245700133;20370;4.1
200067544;CC Creuse Confluence;30.6;110;null;18960;3.6
200067551;CA Thonon Agglomération;17.6;1027;200071967;27870;9.4
200067593;CC Marche et Combraille en Aquitaine;33.2;95;null;17970;3.5
200067627;CC Billom Communauté;17.7;191;246300701;22680;7
200067635;CA Clisson Sèvre et Maine Agglo;15.9;463;244400404;23110;6.8
200067643;CC Meurthe, Mortagne, Moselle;18.9;100;null;21680;3.4
200067650;CC Houve-Pays Boulageois;17;119;null;22380;4.3
200067668;CC de la Cléry, du Betz et de l'Ouanne;24.6;160;244500203;21220;3.2
200067676;CC Canaux et Forêts en Gâtinais;25;195;244500203;21100;3.6
200067684;CA Épernay, Coteaux et Plaine de Champagne;21.3;289;200067213;22350;5.1
200067692;CC Tannay-Brinon-Corbigny;34.8;66;null;19990;4.5
200067700;CC Sud Nivernais;28.9;88;245804406;20060;2.7
200067742;CC Serre-Ponçon;25.4;218;null;21070;7.2
200067759;CC Vallées et Plateau d'Ardenne;19.3;150;200041630;19900;2.5
200067767;CC du Royans-Vercors;23.5;124;null;20560;5.2
200067783;CC de Hanau-La Petite Pierre;20.8;171;null;22320;4.3
200067791;CA Pays Foix-Varilhes;22.9;329;200066231;21280;7.2
200067817;CC Saône-Beaujolais;18.3;447;200040590;22060;5.1
200067825;CA Gap-Tallard-Durance;22.1;536;200054807;21370;8.2
200067841;CC de l'Alsace Bossue;20.8;153;null;21300;3.1
200067866;CC Sèvre et Loire;14.2;444;244400404;22740;6
200067874;CA de Haguenau;18.1;818;246700488;22960;5.5
200067882;CC Bazois Loire Morvan;35.6;95;null;18880;3.7
200067890;CC Morvan Sommets et Grands Lacs;35.2;97;null;19640;4.4
200067908;CC Amognes Cœur du Nivernais;24.9;42;null;20680;4.1
200067916;CC Cœur de Loire;30.9;173;null;20470;4.1
200067924;CC du Canton d'Erstein;18;347;246700488;23940;6.1
200067932;CA Golfe du Morbihan - Vannes Agglomération;23.4;1723;243500139;23010;9.7
200067940;CC Couserans-Pyrénées;28.5;386;null;19220;6.2
200067957;CC Haut Chemin-Pays de Pange;16.2;130;200039865;25530;8.9
200067965;CA de la Région de Compiègne et de la Basse Automne;17.4;814;200054781;22050;12.4
200067973;CC Thelloise;14.7;520;200067999;23830;5.2
200067981;CA Guingamp-Paimpol Agglomération de l'Armor à l'Argoat;27.3;448;200065928;20220;4.9
200067999;CA du Beauvaisis;17.1;861;246000848;20800;6.7
200068005;CC de l'Oise Picarde;16.6;116;200067999;20740;3.6
200068047;CA Creil Sud Oise;13;948;246000129;16870;4.3
200068070;CC Loue-Lison;21.6;217;242500361;22340;5.8
200068088;CC Les Bertranges;28.2;121;245804406;21050;4.5
200068096;CC Champsaur-Valgaudemar;25.2;148;null;20800;6.3
200068104;CA de la Provence Verte;21.4;1440;200054807;21690;7
200068112;CC du Pays de Saverne;20.4;250;246700488;22780;7.1
200068120;CA Quimper Bretagne Occidentale;19.6;938;242900314;21570;8.5
200068146;CC Sarrebourg Moselle Sud;21;287;245700950;21070;4.1
200068229;CC des Baronnies en Drôme Provençale;31.2;244;null;19430;7.2
200068278;CC Berry Loire Puisaye;26.6;101;244500211;20890;3.7
200068294;CC des Deux Vallées Vertes;22.4;95;242500361;20970;3.4
200068369;CC de Mirecourt Dompaire;20.8;113;200068757;20980;4.5
200068377;CC de la Porte des Vosges Méridionales;24.9;235;200071157;20130;4.6
200068435;CC Cœur du Perche;24;99;null;20860;5
200068443;CC Andaine - Passais;31.4;87;null;20070;3.3
200068450;CC Argentan Intercom;24.6;208;null;20110;3.8
200068468;CC des Pays de L'Aigle;23.2;177;null;19980;3.6
200068484;CC des Causses à l'Aubrac;29.4;113;null;20260;3.9
200068500;CA de Cambrai;19.8;585;200030633;19910;5
200068534;CC Terroir de Caux;18.2;244;200023414;21420;3.9
200068542;CC Les Balcons du Dauphiné;16.4;840;243800604;23350;6.3
200068559;CC de l'Ouest Vosgien;24.6;155;null;19870;3.4
200068567;CC Les Vals du Dauphiné;17.7;666;243800604;22000;5.8
200068625;CC Alpes-Provence-Verdon - Sources de Lumière;30;150;null;19490;5.6
200068641;CA Le Muretain Agglo;16.3;1557;243100518;23200;10.3
200068658;CA de Chaumont;22.6;286;null;21010;4.9
200068666;CA de Saint-Dizier Der et Blaise;22.2;312;null;19270;3.3
200068674;CA Grand Lac;21.7;1133;200069110;24390;10.1
200068682;CC Terre d'Eau;24.6;105;null;21550;3.8
200068757;CA d'Épinal;21.1;901;245400676;20590;5.4
200068765;CC du Sisteronais-Buëch;27.6;257;null;19700;5.7
200068773;CC des Vosges côté Sud Ouest;27.7;55;null;19690;2.3
200068781;CA Valence Romans Agglo;20.9;2882;200073096;21210;8.1
200068799;CC Intercom de la Vire au Noireau;23.4;269;200065597;19970;3.2
200068807;CC du Bassin Auterivain Haut-Garonnais;17.4;387;243100518;22400;8.7
200068815;CC Cœur de Garonne;19.6;391;243100518;21620;6
200068831;CC Pays Ségali Communauté;25.7;143;241200187;21090;4.8
200068856;CC des Hauts du Perche;27.9;58;null;19620;3.6
200068864;CC de la Mossig et du Vignoble;19;170;246700488;24340;7.1
200068872;CC Éguzon - Argenton - Vallée de la Creuse;29.5;112;null;19910;3.7
200068880;CC Champagne Boischauts;22.8;58;null;21040;3.1
200068914;CC La Rochefoucauld - Porte du Périgord;27.2;141;200071827;20230;3.7
200068922;CC du Confluent et des Coteaux de Prayssas;24.5;154;243300316;19700;4.6
200068930;CC Fumel Vallée du Lot;30.3;199;200023307;18980;3.6
200068948;CC Albret Communauté;28.1;181;200035459;20040;4.9
200068955;CC Anjou Loir et Sarthe;18.3;207;244900015;21060;4.5
200068963;CC Maine Cœur de Sarthe;17.9;122;247200132;22680;5.2
200068989;CA Dinan Agglomération;25.1;735;243500139;21460;5.4
200068997;CA Arlysère;20.8;720;200041010;22400;5.6
200069003;CC du Barséquanais en Champagne;22.9;97;200069250;21950;3.4
200069029;CA des Deux Baies en Montreuillois;24;528;200044030;20550;5.2
200069037;CA du Pays de Saint-Omer;17.4;654;200093201;19390;4.4
200069052;CA Grand Belfort;18.7;1076;200065647;21420;10.3
200069060;CC des Vosges du Sud;21.5;102;200069052;22910;6
200069086;CC Leff Armor Communauté;22.8;174;200069409;20960;3.8
200069094;CC Isle et Crempse-en-Périgord;29.2;158;null;19720;4.4
200069102;CC Randon - Margeride;24.5;16;null;20460;4.2
200069110;CA du Grand Chambéry;19.7;1972;200068674;23040;11.6
200069128;CC Mont Lozère;26.4;48;null;19490;4.8
200069136;CC des Cévennes au Mont Lozère;30.1;57;null;16600;8.2
200069144;CC des Hautes Terres de l'Aubrac;29.4;28;null;19450;3.6
200069151;CC Gorges Causses Cévennes;27.1;74;null;19270;6.3
200069169;CC Dômes Sancy Artense;23;81;null;20810;5.2
200069177;CC Mond'Arverne Communauté;18.9;341;246300701;24820;10
200069185;CC des Terres d'Apcher-Margeride-Aubrac;26.3;48;null;20700;4.1
200069193;CC de la Dombes;18.3;399;200046977;23600;6.2
200069227;CC Pays Fort Sancerrois Val de Loire;27.9;118;null;21710;4
200069235;CC du Haut Pays du Montreuillois;19.1;84;null;18840;3.1
200069250;CA Troyes Champagne Métropole;19.6;1821;200054781;20220;6.7
200069268;CC Aubrac Lot Causses Tarn;22.3;50;null;20920;5
200069300;CA Tarbes-Lourdes-Pyrénées;24.8;1347;243100518;20310;6.5
200069383;CC Ouest Aveyron Communauté;29.4;242;null;20130;5.2
200069391;CA de Lamballe Terre et Mer;23.3;440;200069409;21840;5
200069409;CA Saint-Brieuc Armor Agglomération;22.8;1167;243500139;21560;7.1
200069417;CC Pays d'Orthe et Arrigans;23.4;229;244000675;20870;4.6
200069425;CA Mont-Saint-Michel-Normandie;26.7;644;200042604;20410;3.6
200069433;CC de Vezouze en Piémont;24;73;null;19000;2.6
200069441;CC du Pays de Bitche;21.1;197;200070746;21870;3.4
200069458;CC des Vallées d'Auge et du Merlerault;30.1;108;null;19130;3.3
200069482;CC des Campagnes de l'Artois;18.4;207;200033579;21820;5
200069516;CC Seulles Terre et Mer;18.2;153;200065597;23030;7.4
200069524;CC Pré-Bocage Intercom;17.3;199;200065597;21150;4.6
200069532;CA Lisieux Normandie;22.4;591;200065597;19970;4.3
200069540;CC Norge et Tille;17.8;160;242100410;27530;12
200069565;CC des Lacs et Montagnes du Haut-Doubs;12.4;156;242500338;32500;7.5
200069581;CC Convergence Garonne;18.8;339;243300316;21360;5.7
200069599;CC Rurales de l'Entre-deux-Mers;21.7;127;null;20210;4.2
200069615;CC Bresse Haute Seille;24.1;157;200071116;21920;4.9
200069623;CC Champagnole Nozeroy Jura;24.3;176;null;22030;3.8
200069631;CC Terres de Chalosse;23.1;143;244000675;20870;3.7
200069649;CC Chalosse Tursan;23.7;192;null;20920;3.9
200069656;CC Cœur Haute Lande;24.3;140;null;20100;4.6
200069664;CC Meuse Rognon;26.6;46;null;20150;2.3
200069672;CC du Ternois;21.2;175;200072460;18980;3.2
200069698;CC Mâconnais - Tournugeois;25.3;128;200070308;21810;5.6
200069722;CC Interrégionale Aumale - Blangy-sur-Bresle;21.7;100;null;19980;2.1
200069730;CC des Quatre Rivières;23;200;200023414;20330;3.3
200069748;CC Val de Gâtine;22.1;138;null;20520;3.7
200069755;CC Mellois-en-Poitou;26;292;200041317;20200;4.1
200069763;CC du Haut-Poitou;17.7;316;200069854;21590;5.7
200069821;CA Fécamp Caux Littoral Agglomération;21.9;275;200084952;20480;4.1
200069839;CC de la Côte d'Albâtre;20.2;168;200069821;21180;4.7
200069847;CC Plateau de Caux-Doudeville-Yerville;16.5;138;247600620;21660;4.3
200069854;CU du Grand Poitiers;18.3;1991;200069763;21530;12.2
200069912;CC des Forêts du Perche;24.8;49;null;20810;3.3
200069953;CC des Portes Euréliennes d'Île-de-France;17.1;403;200033181;24330;7.4
200069961;CC du Grand Châteaudun;26.1;242;null;20550;3.3
200069995;CC Médoc Cœur de Presqu'île;22;294;243300316;20110;3.2
200070035;CC du Civraisien en Poitou;28.7;234;200069854;19560;3.9
200070043;CC Vienne et Gartempe;30.1;310;200069854;19610;3.7
200070068;CC Communauté Bray-Eawy;20.3;161;200023414;20520;3.6
200070092;CA du Libournais;19.9;1069;243300316;20430;5.2
200070100;CC du Val de Sully;20.6;149;244500468;22010;4.4
200070118;CC Val de Saône Centre;16.8;222;200067817;23760;5.1
200070126;CC Seine et Aube;20.5;72;null;21280;3.1
200070142;CC Lyons Andelle;19;134;200023414;21620;3.9
200070159;CC Cœur de Beauce;18.9;153;null;22030;3.4
200070167;CC Terres de Perche;23.9;90;null;20590;3
200070183;CC des Terres du Val de Loire;20.1;381;244500468;23070;6.4
200070233;CC Terres-de-Montaigu, communauté de communes Montaigu-Rocheservière;15.5;359;244400404;21890;5.1
200070282;CC Lavalette Tude Dronne;28.9;182;200071827;19090;4.4
200070290;CC Coeur du Pays Haut;19.2;149;null;20600;3.2
200070308;CA Mâconnais Beaujolais Agglomération;21.6;768;200046977;21560;7.5
200070316;CC Entre Arroux, Loire et Somme;31.4;114;null;20290;2.4
200070324;CC du Territoire de Lunéville à Baccarat;21.1;302;245400676;20070;3.8
200070332;CC des Savoir-Faire;30.7;76;null;20180;2.3
200070340;CC Haute-Maurienne Vanoise;22.8;114;null;22340;5.4
200070365;CC Corbières Salanque Méditerranée;21.6;297;200027183;18830;4.7
200070373;CC Loir-Lucé-Bercé;29.1;127;null;19860;3.2
200070407;CA Pays d'Issoire;22.2;468;246300701;21220;5.2
200070431;CC Saint-Marcellin Vercors Isère Communauté;21.5;427;200040715;21860;6.6
200070449;CC Inter-Caux-Vexin;17.9;426;200023414;24260;7.4
200070464;CC Cœur de Maurienne Arvan;23.7;148;null;22590;4.6
200070506;CC Pays de Nexon Monts de Chalus;26.9;93;248719312;20690;4.8
200070514;CA du Grand Cognac;23.4;557;200071827;21950;5.7
200070530;CC du Grand Autunois Morvan;28.1;278;null;20060;5.3
200070548;CC La Clayette Chauffailles en Brionnais;30;89;null;20320;3.3
200070555;CC de la Veyle;18.2;187;200071751;22650;3.9
200070563;CC Terres Touloises;17.4;352;245400676;21620;5.6
200070571;CC Cœur de Berry;21.6;36;null;22200;4.5
200070589;CC de Seille et Grand Couronné;16.8;150;245400676;24080;7.6
200070647;CA Bergeracoise;27.4;636;243300316;20100;5.5
200070662;CC Bretagne porte de Loire Communauté;15.1;224;243500139;21250;5.6
200070670;CC du Pays de Dol et de la Baie du Mont Saint-Michel;23.8;145;243500782;20350;3.2
200070688;CC Couesnon Marches de Bretagne;22;124;200072452;20340;3.1
200070712;CC Thiers Dore et Montagne;24.8;290;246300701;19460;4.1
200070720;CC Médoc Atlantique;30.3;473;200069995;21390;5.4
200070738;CC Mad et Moselle;18.8;173;200039865;23160;6.4
200070746;CA Sarreguemines Confluences;20.4;451;245700372;21450;4.8
200070753;CA Riom Limagne et Volcans;19.3;559;246300701;23850;9.2
200070761;CC Ambert Livradois Forez;28.7;210;null;19910;4.5
200070779;CC Brie des Rivières et Châteaux;13.9;448;247700057;25960;7
200070787;CC du Plateau de Lannemezan;28.7;157;null;20560;4.7
200070795;CC du Pays de Trie et du Magnoac;32.7;67;null;19500;4.2
200070803;CC des Coteaux du Val-d'Arros;22.8;99;null;21690;6.1
200070811;CC Pyrénées Vallées des Gaves;28.1;205;null;20970;6.4
200070829;CC Neste Barousse;32.6;79;null;20440;5
200070845;CC Orne Lorraine Confluences;20.7;333;245701271;20530;3.6
200070852;CC Usses et Rhône;14.7;204;null;27900;6.9
200070894;CC de Gevrey-Chambertin et de Nuits-Saint-Georges;19.4;261;242100410;24330;7.5
200070902;CC Auxonne Pontailler Val de Saône;19;153;242100410;21220;3.4
200070910;CC Tille et Venelle;21.1;35;null;22420;4.1
200070928;CC Terre de Picardie;16.5;87;null;19770;3.1
200070936;CC Ponthieu-Marquenterre;23.8;177;200070993;20120;3.6
200070944;CC du Vimeu;21.6;110;200070993;19660;2.2
200070951;CC du Territoire Nord Picardie;19.3;176;248000531;20910;4.5
200070969;CC Avre Luce Noye;16.6;112;248000531;22150;5.8
200070977;CC du Grand Roye;19.3;150;null;19840;3
200070985;CC de l'Est de la Somme;21.6;71;null;19290;2.5
200070993;CA de la Baie de Somme;23.4;316;200070936;19480;4.5
200071017;CC des Terres d'Auxois;24.8;137;null;21030;6.2
200071025;CC Haute-Provence-Pays de Banon;26.4;114;null;20570;8.5
200071033;CC Jabron-Lure-Vançon-Durance;22.6;48;null;21550;6.1
200071041;CC du Chaourçois et du Val d'Armance;25;63;200069250;20440;3.5
200071058;CC Les Avant-Monts;24.2;310;243400769;19890;5.5
200071066;CA de Saint-Dié-des-Vosges;23.2;591;245400676;19600;4.1
200071074;CC Les Portes de l'Ile de France;16.2;259;200059889;23780;6.2
200071082;CA Montluçon Communauté;27.1;415;246300701;20140;4.7
200071116;CA ECLA  (Espace Communautaire Lons Agglomération);25.4;299;200069615;21390;6.9
200071140;CA Moulins Communauté;24.1;399;246300701;20980;5.3
200071157;CC des Hautes-Vosges;26.8;306;200068757;20640;3.8
200071165;CA Les Sables d'Olonne Agglomération;35.4;565;248500530;22530;6.2
200071173;CC du Pays Arnay Liernais;30.1;56;null;20320;4.4
200071181;CC Somme Sud-Ouest;20.2;217;248000531;21050;4.3
200071199;CC Plaine Limagne;20.5;124;200070753;21540;4.7
200071207;CC de Pouilly-en-Auxois/Bligny-sur-Ouche;24.4;74;null;21770;5.8
200071215;CC Chavanon Combrailles et Volcans;27.8;84;null;19650;3
200071223;CC Nièvre et Somme;18.5;177;248000531;20600;3.5
200071298;CC des Terres du Lauragais;15.7;453;243100518;23920;12.9
200071314;CC des Hauts Tolosans;13.9;413;243100518;23770;10.7
200071363;CA Vichy Communauté;28.5;737;246300701;20580;5.9
200071371;CC Bresse et Saône;19.9;210;200070308;22390;4
200071389;CC Saint-Pourçain Sioule Limagne;25.4;236;200071363;20450;4.8
200071405;CC Ardèche Rhône Coiron;18.3;235;200040459;20840;4.8
200071413;CA Privas Centre Ardèche;23.1;369;200068781;20820;5.5
200071454;CA Evreux Portes de Normandie;17.3;1052;200023414;21340;6.7
200071470;CC Entr'Allier Besbre et Loire;27.4;129;200071140;19500;3
200071496;CC du Bocage Bourbonnais;28;84;null;19900;4.2
200071504;CC des Collines du Perche Normand;26.1;94;null;20690;3.6
200071512;CC Commentry Montmarault Néris Communauté;26.4;135;200071082;20280;3.5
200071520;CC Domfront Tinchebray Interco;26;92;200035814;19840;3.3
200071538;CC Terres de Bresse;23.1;171;200071579;21290;3.5
200071546;CC Sud Retz Atlantique;18.2;171;244400404;20700;3.6
200071553;CC Loire Layon Aubance;18.5;392;244900015;22300;7.4
200071579;CC Bresse Louhannaise Intercom';27.3;224;null;20390;2.7
200071587;CC Loches Sud Touraine;26.9;395;243700754;20520;4.2
200071595;CC Arbois, Poligny, Salins, Cœur du Jura;25.7;166;null;21320;5.5
200071629;CC Challans-Gois Communauté;25.3;371;244400404;20930;3.2
200071645;CC Saint Cyr Mère Boitier entre Charolais et Mâconnais;24.5;69;null;21070;6.2
200071652;CC du Pays Fertois et du Bocage Carrougien;24.2;25;null;20100;3.6
200071678;CA du Choletais;20.4;758;200060010;21090;5
200071751;CA du Bassin de Bourg-en-Bresse;20.7;1353;200046977;22220;6
200071769;CC Picardie des Châteaux;18.7;102;null;20390;3.3
200071777;CC d'Arcis, Mailly, Ramerupt;21.3;68;200069250;21040;2.7
200071785;CA Chauny-Tergnier-La Fère;20.1;338;200071892;19070;3
200071819;CC du Périgord Nontronnais;34.2;163;null;19180;4
200071827;CA du Grand Angoulême;21.8;1346;200070514;21100;7.3
200071843;CC du Vexin Normand;17.7;296;null;21350;4.1
200071850;CC du Pithiverais-Gâtinais;20.4;194;200066280;21510;3.3
200071868;CC des Vallées du Haut-Anjou;15.9;271;244900015;20820;4.9
200071876;CA Saumur Val de Loire;22.7;703;244900015;20110;4.8
200071884;CC Le Grand Charolais;27.3;248;null;20180;4
200071892;CA du Saint-Quentinois;20.6;595;240200493;18790;5.4
200071900;CC Vendée Grand Littoral;31.3;356;200071165;21560;3.5
200071918;CC du Pays de Saint-Fulgent - Les Essarts;15.9;169;200070233;21360;3.3
200071926;CC du Limouxin;27.8;297;200035715;19100;5.3
200071934;CC Pays de Fontenay-Vendée;25.1;212;null;20180;3.9
200071942;CC Haut Limousin en Marche;33.9;208;null;18670;3.4
200071967;CC Pays d'Évian Vallée d'Abondance;16.9;501;200067551;27820;8.7
200071983;CC Thiérache Sambre et Oise;20.8;50;null;18120;1.9
200071991;CC Retz-en-Valois;17.2;180;240200477;21300;4.5
200072007;CC de la Montagne d'Ardèche;32.1;25;null;18080;3.1
200072015;CA Annonay Rhône Agglo;21.8;426;200040491;21300;5.1
200072023;CC Cœur de Charente;26.6;168;200071827;20120;3.6
200072031;CA de la Région de Château-Thierry;19.5;397;200067213;20670;4.1
200072049;CC de Charente Limousine;29.5;338;null;18940;3.1
200072056;CC Porte du Jura;25.2;75;null;21020;3.7
200072064;CC Val-de-Cher-Controis;27.5;386;200030385;20860;3.6
200072072;CA Territoires Vendômois;25.8;318;243700754;21300;5.7
200072080;CC du Pays de Saint-Éloy;29.3;116;null;19140;3.3
200072098;CC Combrailles Sioule et Morge;20.2;146;null;22250;5.7
200072106;CC Adour Madiran;27;236;200069300;20060;4.6
200072130;CA du Pays de Meaux;12.7;1569;200054781;22030;6.5
200072304;CC Vallée de l'Ubaye - Serre-Ponçon;24.6;115;null;20260;7.6
200072312;CA Seine Normandie Agglomération;19;761;200089456;22500;7.9
200072320;CC Val de Gers;27.3;107;null;20400;4.9
200072346;CA du Pays de Fontainebleau;21.2;1044;200054781;27270;17.7
200072452;CA Fougères Agglomération;22.2;352;243500139;20510;4.6
200072460;CA de Béthune-Bruay, Artois-Lys Romane;18.1;1660;200093201;19030;3.9
200072478;CC Pays d'Opale;16.2;155;200090751;19740;3.6
200072544;CC des Deux Morin;17.6;253;200090504;22190;4
200072635;CC Pyrénées Haut Garonnaises;31.5;150;200072643;20380;5.7
200072643;CC Cœur et Coteaux du Comminges;29;432;null;19900;5.2
200072650;CC Touraine Vallée de l'Indre;17.9;438;243700754;23090;6.8
200072668;CC Touraine Val de Vienne;26.6;156;null;19990;3.3
200072676;CC Maine Saosnois;24.6;133;247200132;19900;2.9
200072684;CC Le Gesnois Bilurien;18.9;176;247200132;21610;3.4
200072692;CC des Vallées de la Braye et de l'Anille;27.4;61;null;20700;2.2
200072700;CC Haute Sarthe Alpes Mancelles;22.5;112;246100663;20440;3
200072718;CC de la Champagne Conlinoise et du Pays de Sillé;19.9;108;null;20940;4.1
200072726;CC Châteaubriant-Derval;20.4;289;244400404;19660;3.7
200072734;CC Estuaire et Sillon;14.6;318;244400404;23350;7.8
200072825;CC Mirebellois et Fontenois;18.9;108;242100410;23210;5.8
200072874;CC Val Briard;13.5;337;null;25770;5.6
200072882;CC de Vie et Boulogne;15.5;331;248500589;21480;4.1
200072981;CC Touraine Ouest Val de Loire;21.3;245;243700754;21010;4.4
200072999;CC du Grand Langres;23.4;150;null;21040;4.5
200073013;CC Carnelle Pays-De-France;16.7;406;200056380;26900;8.5
200073096;CA Arche Agglo;19.8;575;200068781;21810;6
200073104;CC de l'Île-Rousse - Balagne;26.4;138;null;19230;8.2
200073112;CC Sud Sarthe;25.4;118;247200132;20100;2.8
200073120;CC Nebbiu - Conca d'Oro;27.8;96;null;20250;6.3
200073138;CC Pasquale Paoli;32.2;57;null;19450;7.2
200073146;CC Cagire Garonne Salat;28.3;165;200072643;20570;5.2
200073161;CC Touraine-Est Vallées;19;347;243700754;23520;8.2
200073237;CC de Gâtine et Choisilles - Pays de Racan;16.5;162;243700754;22800;6.3
200073245;CC du Bassin d'Aubenas;26;479;200039824;20080;5.9
200073252;CC de la Castagniccia-Casinca;23.8;165;null;18640;5.1
200073260;CC Sud Vendée Littoral;27;391;200071934;20450;3.2
200073344;CA Rambouillet Territoires;18.8;903;200054781;28240;16.7
200073393;CC des Rives du Haut-Allier;29.6;93;null;19130;3.6
200073401;CC Mézenc-Loire-Meygal;24.7;88;null;20690;4.3
200073419;CA du Puy-en-Velay;24;691;246300701;20740;5.4
200073427;CC Marches du Velay-Rochebaron;19.5;249;244200770;21930;4.5
200077014;CA Vienne Condrieu;19.2;1222;200046977;23160;8.5
200083392;CA Laval Agglomération;19.2;1294;243500139;21680;7.2
200084952;CU Le Havre Seine Métropole;19.3;2397;200010700;21100;6.9
200085728;CC Brioude Sud Auvergne;24.7;136;null;20300;4.8
200085751;CC d'Entre Bièvre et Rhône;19.2;718;200040491;21800;4.2
200089456;CA Seine-Eure;15.9;769;200023414;21780;6
200090504;CA Coulommiers Pays de Brie;15.9;1050;200054781;23540;5.9
200090561;CC Vierzon-Sologne-Berry;26.7;292;241800507;19290;3.4
200090579;CC Terre d'Émeraude Communauté;22.4;216;null;21310;3.8
200090751;CA Grand Calais Terres et Mers;16;716;200072478;18290;4.1
200093201;Métropole Européenne de Lille;14.6;16678;200054781;20730;13.6
240100610;CC de la Côtière à Montluel;14.5;271;240100883;24170;8
240100750;CA du Pays de Gex;11.4;921;200046977;35820;22.9
240100800;CC de Miribel et du Plateau;16.6;339;200046977;26030;12.6
240100883;CC de la Plaine de l'Ain;16.4;819;200046977;23010;6.1
240100891;CC du Pays Bellegardien (CCPB);16.4;198;240100750;23330;5.5
240200444;CC de la Thiérache du Centre;20.7;101;null;18950;2.6
240200469;CC du Pays de la Serre;19.3;56;null;19660;2.7
240200477;CA GrandSoissons Agglomération;21.6;378;240200501;19230;4.9
240200493;CC du Pays du Vermandois;19.3;153;200071892;19430;3.1
240200501;CC du Val de l'Aisne;18;107;240200477;21040;3.7
240200519;CC du Canton d'Oulchy-le-Château;16.9;38;null;21240;4.3
240200576;CC de la Champagne Picarde;17;116;200067213;20920;3.6
240200584;CC du Canton de Charly-sur-Marne;18.8;118;200072031;21690;3.9
240200592;CC du Chemin des Dames;18.6;33;null;20990;3.9
240200600;CC des Trois Rivières;21;88;null;17550;2.3
240200634;CC des Portes de la Thiérache;22.7;37;null;17970;2.6
240300491;CC du Pays de Lapalisse;26.6;51;null;19600;2.6
240300558;CC du Pays de Tronçais;33;57;null;19290;4.2
240300566;CC du Val de Cher;24.8;36;null;20530;3
240300657;CC du Pays d'Huriel;23.5;39;null;20370;3.4
240400440;CC Pays Forcalquier et Montagne de Lure;28.6;130;null;19920;9.6
240500439;CC du Briançonnais;21.3;301;null;20820;8.5
240500462;CC du Pays des Ecrins;21;93;null;20470;7.3
240600551;CA de la Riviera Française;24.3;1097;200030195;22110;7
240600585;CA de Sophia Antipolis;23.5;3971;200030195;24160;16
240600593;CC du Pays des Paillons;22;308;200030195;22740;5.6
240700302;CC du Pays Beaume-Drobie;30.1;114;null;19340;6.2
240700617;CC Val de Ligne;28.2;79;null;19140;4.9
240700716;CC du Val d'Ay;23.1;30;null;20910;4.1
240700815;CC Berg et Coiron;21.7;67;null;20510;6
240700864;CC du Rhône aux Gorges de l'Ardèche;22.2;170;null;20610;5.4
240800821;CC Ardenne, Rives de Meuse;20.8;164;200041630;18750;3.1
240800847;CC des Portes du Luxembourg;20.4;133;200041630;19550;2.4
240800862;CC des Crêtes Préardennaises;19.8;123;200041630;20610;3.6
240800920;CC de l'Argonne Ardennaise;25.1;142;null;19740;3.1
240900431;CC du Pays de Tarascon;29.1;79;null;19650;4.7
240900464;CC du Pays d'Olmes;31.3;159;null;18460;3
241000223;CC Forêts, Lacs, Terres en Champagne;18.3;54;null;22190;4.6
241000405;CC de la Région de Bar-sur-Aube;26.5;35;200069250;20530;3.7
241000447;CC du Pays d'Othe;23.9;57;null;20390;4.1
241000488;CC de l'Orvin et de l'Ardusson;20.7;47;null;21710;3.2
241100593;CA Le Grand Narbonne;26;1537;200035863;19420;6.2
241200187;CA Rodez Agglomération;21.6;622;243100518;22170;8.1
241200542;CC du Réquistanais;33.5;38;null;19260;3.1
241200567;CC de Millau Grands Causses;25.4;280;null;20030;5.9
241200625;CC du Pays Rignacois;23.3;50;null;21060;5.8
241200641;CC Conques-Marcillac;25.6;98;null;22090;6.1
241200658;CC du Pays de Salars;21.8;61;null;21810;4.5
241200674;CC du Plateau de Montbazens;27.9;48;null;20500;4.1
241200765;CC de Lévézou Pareloup;29.1;36;null;19560;3.5
241200807;CC Aveyron Bas Ségala Viaur;32.3;44;null;19090;4.2
241200906;CC Larzac et Vallées;26;53;null;19090;6
241200914;CC de la Muse et des Raspes du Tarn;29.4;48;null;19290;4.5
241300375;CC Vallée des Baux-Alpilles (CC VBA);28.3;456;200054807;22630;9
241300417;CA d'Arles-Crau-Camargue-Montagnette;23.3;1049;200054807;19220;6.5
241400415;CC Cœur Côte Fleurie;35.8;311;241400878;21580;7.7
241400514;CC du Pays de Falaise;19.4;175;200065597;20630;4.4
241400555;CC de Bayeux Intercom;25.1;247;200066801;21890;6.4
241400860;CC Cœur de Nacre;26.4;225;200065597;24230;9.9
241400878;CC Terre d'Auge;22.6;235;200065597;22120;6.2
241500230;CA du Bassin d'Aurillac;23.8;362;200066678;21500;5.6
241500255;CC du Pays Gentiane;32.7;44;null;19240;3.3
241500271;CC du Pays de Mauriac;30.1;33;null;20020;3.7
241501055;CC Sumène - Artense;31.2;48;null;19850;3.3
241501089;CC Cère et Goul en Carladès;28.4;42;null;20440;3.6
241501139;CC du Pays de Salers;33.1;33;null;19240;2.8
241600303;CC du Rouillacais;23.6;77;null;20610;3.8
241700434;CA de la Rochelle;23.9;2558;200041499;22740;10.6
241700459;CC de l'Île de Ré;33.9;315;241700434;24980;9.2
241700517;CC Cœur de Saintonge;20.7;155;200036473;20790;4.3
241700624;CC de l'Île d'Oléron;35.3;319;null;21300;4.4
241700632;CC de Gémozac et de la Saintonge Viticole;23;134;200036473;20120;3.4
241700640;CA Royan Atlantique;38.2;969;241700434;21750;5
241700699;CC du Bassin de Marennes;28.7;131;null;20020;3.1
241800374;CC La Septaine;15.8;49;241800507;21280;3.6
241800424;CC Le Dunois;25.4;42;null;20840;3.3
241800432;CC Les Trois Provinces;30.8;34;null;18510;2.5
241800457;CC Fercher Pays Florentais;24.1;84;null;20860;3.2
241800507;CA Bourges Plus;22.8;894;200066330;21670;8.4
241900133;CC de Ventadour - Egletons - Monédières;25.8;77;null;20110;4.5
241927201;CA Tulle Agglo;26.3;276;200043172;21540;5
241927243;CC du Pays d'Uzerche;28.5;80;null;20870;4.8
242000354;CA de Bastia;21.4;649;200036499;20340;9.6
242000495;CC de l'Alta Rocca;26.7;156;null;20380;6.9
242000503;CC Celavu-Prunelli;22.3;121;242010056;23880;7.5
242010056;CA du Pays Ajaccien;21.7;1106;242000503;22160;7.3
242010130;CC du Sartenais Valinco Taravo;26.3;182;null;20310;6.8
242020071;CC du Centre Corse;18.5;118;null;20130;13
242020105;CC de Calvi Balagne;21.8;216;null;19330;6.1
242100154;CC des Vallées de la Tille et de l'Ignon;17.8;123;242100410;23350;7.5
242100410;Dijon Métropole;18.9;3398;200054781;22050;12.7
242101434;CC du Pays Châtillonnais;28;118;null;19980;3.7
242101442;CC de Saulieu;30.2;40;null;19910;3.7
242101459;CC du Pays d'Alésia et de la Seine;24.6;50;null;20820;4.2
242101491;CC du Montbardois;27.5;70;null;20750;4.2
242101509;CC Rives de Saône;20.6;145;242100410;20890;3.2
242200715;CC du Kreiz-Breizh (CCKB);28.7;125;null;19420;4.3
242300135;CC du Pays Sostranien;28.7;64;null;19390;4.2
242320000;CC de Bénévent Grand Bourg;32.5;41;null;19260;3.5
242320109;CC du Pays Dunois;35.8;41;null;19320;3.9
242400752;CC Périgord-Limousin;32.2;150;null;19450;4.1
242400935;CC du Pays de Saint-Aulaye;32.3;63;null;18830;3.4
242401024;CC Isle-Loue-Auvézère en Périgord;31.1;108;null;19720;3.9
242500320;CC de Montbenoît;13.5;63;null;26620;3.7
242500338;CC du Grand Pontarlier;18.5;294;242500361;25300;6
242500361;CU Grand Besançon Métropole;18.5;2187;242100410;21850;11.8
242504116;CC du Val de Morteau;16.6;173;null;31410;6.4
242504181;CC des Portes du Haut-Doubs;16.1;196;242500361;23510;4.1
242504355;CC du Plateau de Russey;13.8;38;null;29930;3.2
242504371;CC du Pays de Sancey-Belleherbe;22.6;39;null;21530;3.5
242504447;CC du Doubs Baumois;20.7;103;242500361;21730;5.1
242504488;CC Altitude 800;17.3;37;null;23140;2.9
242504496;CC du Plateau de Frasne et du Val de Drugeon (CFD);14.8;53;null;26030;3.5
242600252;CC du Val de Drôme en Biovallée;19.6;357;200068781;21500;7.1
242600492;CC Dieulefit-Bourdeaux;28.9;133;null;20410;9.5
242600534;CC du Diois;26.8;176;null;19160;8.4
242700276;CC du Pays de Conches;17.7;132;200071454;21650;4.3
242700607;CC du Pays du Neubourg;17.2;151;200066413;22960;4.3
242852465;CC du Bonnevalais;22.6;74;null;21770;3.3
242900074;CC du Pays d'Iroise;20.9;309;242900314;23440;9.1
242900314;Brest Métropole;17.8;1826;242900074;21660;12.2
242900553;CC du Pays des Abers;18.8;298;242900314;22440;5.9
242900561;CC de Haute-Cornouaille;26;91;null;19560;3.2
242900629;CC Cap Sizun - Pointe du Raz;37.1;98;null;20710;5
242900645;CC Douarnenez Communauté;28.4;120;null;20710;6.6
242900660;CC du Pays Fouesnantais;28.1;236;200068120;24270;9.3
242900694;CA Quimperlé Communauté;23.9;375;200042174;21450;4.8
242900702;CC du Pays Bigouden Sud;30.3;293;200068120;22120;6.3
242900710;CC du Haut Pays Bigouden;23.4;116;200068120;21270;4.5
242900744;CC Poher communauté;26.6;82;null;20460;4.2
242900751;CC du Pays de Landivisiau;17.7;198;242900314;20710;4.3
242900769;CA Concarneau Cornouaille Agglomération;27.1;390;200068120;21720;5.6
242900793;CC Communauté Lesneven Côte des Légendes;22;173;242900314;21500;5
242900801;CC du Pays de Landerneau-Daoulas;17.8;326;242900314;22910;8.3
242900835;CA Morlaix Communauté;25.5;465;242900314;21220;6.2
243000270;CC du Pays Viganais;28.1;108;null;17720;6.6
243000296;CC du Pays de Sommières;18.9;346;243000643;21730;9.1
243000569;CC Rhony, Vistre, Vidourle;18.4;375;243000643;22630;8.2
243000585;CC Beaucaire Terre d'Argence;18.4;310;243000643;18930;4.2
243000593;CC de Petite Camargue;19.2;309;243000643;20260;5.4
243000643;CA de Nîmes Métropole;20.4;3339;243400017;19550;8
243000650;CC Terre de Camargue;28.9;308;null;20880;5.1
243000684;CC du Pont du Gard;18.9;276;243000643;21180;6.9
243100518;Toulouse Métropole;14.7;15208;200054781;22880;21.2
243100567;CC Lauragais Revel Sorezois;26.4;202;null;20430;6.3
243100633;CA du Sicoval;16.7;1102;243100518;26670;24.3
243100732;CC des Coteaux du Girou;16.1;307;243100518;26590;14.2
243100773;CC de Val'Aïgo;18.5;191;243100518;21840;6.9
243100781;CC de la Save au Touch;13.6;521;243100518;25550;17.1
243100815;CC des Coteaux Bellevue;17.3;260;243100518;26700;14
243200391;CC de la Lomagne Gersoise;29.4;195;null;20120;5.3
243200409;CC du Bas Armagnac;29.4;75;null;20140;4.5
243200417;CC de la Tenarèze;31.1;145;null;19470;4.7
243200425;CC Cœur d'Astarac en Gascogne;31.3;74;null;19250;4.4
243200458;CC du Grand Armagnac;30.8;120;null;19340;4.4
243200508;CC Bastides et Vallons du Gers;32.7;66;null;19070;5.3
243200599;CC du Saves;25.4;106;null;21850;7
243200607;CC Artagnan de Fezensac;33.3;72;null;19650;4.6
243300316;Bordeaux Métropole;16.3;15999;200054781;22760;16.4
243300563;CA Bassin d'Arcachon Sud-Pôle Atlantique (COBAS);30.7;1068;243300316;23380;8.7
243300811;CC de l'Estuaire;21.1;141;200023794;19100;2.8
243301165;CC Jalle-Eau-Bourde;21;394;243300316;26460;13
243301181;CC Latitude Nord Gironde;15.6;264;200023794;20180;3.2
243301215;CC du Créonnais;15.7;225;243300316;22720;6.6
243301223;CC du Grand Cubzaguais;16.2;437;243300316;21520;5.5
243301249;CC du Secteur de Saint-Loubès;18.3;370;243300316;23470;7.4
243301264;CC de Montesquieu;16.1;574;243300316;24980;11
243301355;CC des Coteaux Bordelais;20.1;315;243300316;25060;10.6
243301371;CC du Pays Foyen;28.5;119;null;18500;4.1
243301389;CC Médullienne;14.3;293;243300316;22840;5.1
243301397;CC du Fronsadais;18.9;210;200070092;22280;6
243301405;CC du Val de l'Eyre;15.3;280;243300316;23100;6.5
243301439;CC des Portes de l'Entre-deux-Mers;20;358;243300316;24830;12
243301447;CC Médoc Estuaire;15.1;329;243300316;23660;6.4
243301454;CC Castillon/Pujols;23.7;201;null;19740;4.6
243301504;CA du Bassin d'Arcachon Nord;25.9;1058;243300316;23770;7.2
243400017;Montpellier Méditerranée Métropole;16.3;10245;200054781;21100;18
243400355;CC du Clermontais;21.7;317;243400694;19390;6.8
243400470;CA du Pays de l'Or;25.9;889;243400017;22730;10.7
243400488;CC La Domitienne;23.2;303;243400769;20280;4.8
243400520;CC du Pays de Lunel;18.6;794;243400017;19760;7.2
243400694;CC Vallée de l'Hérault;18.2;500;243400017;20840;9.3
243400736;CC des Cévennes Gangeoises et Suménoises;26.4;131;null;18690;6.2
243400769;CA de Béziers-Méditerranée;24.8;1795;243400488;17940;5.9
243400819;CA Hérault-Méditerranée;27.2;1062;243400017;19070;5.4
243500139;Rennes Métropole;15.1;5914;200054781;23130;17.1
243500550;CC Montfort Communauté;15.6;178;243500139;22820;7.2
243500618;CC de Brocéliande;15.8;134;243500139;22290;6.7
243500634;CC Roche aux Fées Communauté;18.2;175;243500139;21290;4.9
243500659;CC Pays de Châteaugiron Communauté;13.7;210;243500139;24550;12.7
243500667;CC du Val d'Ille-Aubigné;13.7;299;243500139;23380;10.5
243500725;CC Côte d'Émeraude;33.2;366;200068989;23400;9.3
243500733;CC Bretagne Romantique;17.7;230;243500139;21330;6.4
243500741;CA Redon Agglomération;22;500;243500139;20250;4
243500774;CC Liffré-Cormier Communauté;13.9;169;243500139;23240;10
243500782;CA du Pays de Saint Malo Agglomération;26.4;930;243500139;21890;7.9
243600202;CC Chabris - Pays de Bazelle;32;30;null;20130;2.4
243600236;CC du Pays d'Issoudun;26.5;92;null;20700;4.2
243600293;CC de la Région de Levroux;25.5;40;null;20630;2.4
243600301;CC Val de l'Indre - Brenne;24.8;77;243600327;20280;2.9
243600319;CC Brenne - Val de Creuse;29;111;null;19630;3.9
243600327;CA Châteauroux Métropole;22.7;593;243600301;20690;5.3
243600343;CC Cœur de Brenne;32.8;23;null;19290;2.7
243600350;CC de la Châtre et Sainte-Sévère;30.6;106;null;19970;3.5
243700499;CC du Castelrenaudais;18.7;90;null;21330;5.1
243700754;Tours Métropole Val de Loire;20.4;3755;200054781;21580;12.2
243700820;CC de Bléré Val de Cher;20.9;168;243700754;22620;5.3
243800604;CA Porte de l'Isère (C.A.P.I);14.1;1460;200046977;21630;7.8
243800745;CC de l'Oisans;18.1;203;null;22260;6.1
243800935;CC Lyon Saint Exupéry en Dauphiné;14.8;371;200068542;22560;5.4
243800984;CA du Pays Voironnais;19.7;1048;200040715;23770;11.9
243801024;CC du Massif du Vercors;18.9;185;200040715;24180;15.6
243801073;CC de Bièvre Est;16.9;238;243800984;23010;6.2
243801255;CC des Collines du Nord Dauphiné;16.5;306;200046977;25360;7.7
243900354;CC de la Station des Rousses-Haut Jura;13;73;null;33300;7.9
243900420;CC du Val d'Amour;23;71;null;21050;4.4
243900479;CC du Haut-Jura - ARCADE;16.8;73;null;24710;4.5
243900560;CC Jura Nord;18.2;98;null;21790;5.5
243900610;CC La Grandvallière;18.4;37;null;25000;3.9
243901089;CC de la Plaine Jurassienne;24.2;59;null;20640;2.2
244000543;CC de Mimizan;31.1;179;null;20890;4.8
244000659;CC du Seignanx;21.2;322;200067106;22480;6.5
244000675;CA du Grand Dax;26.1;680;244000865;21080;6
244000691;CC du Pays Morcenais;29.4;57;null;20380;3.6
244000766;CC du Pays Tarusate;23.8;140;null;20990;3.2
244000774;CC du Pays de Villeneuve en Armagnac Landais;24.5;39;null;20670;3.9
244000808;CA Mont-de-Marsan Agglomération;20.4;531;243300316;21520;6.5
244000824;CC du Pays Grenadois;22.4;44;null;21050;3.8
244000857;CC Côte Landes Nature;27.5;170;null;21710;5.2
244000865;CC Maremne Adour Côte Sud;24.5;1238;200067106;22210;7.9
244000873;CC des Grands Lacs;25.8;406;243300316;22040;5.7
244000881;CC Coteaux et Vallées des Luys;26.8;52;null;20750;3.8
244100293;CC des Collines du Perche;29;39;null;20300;3.1
244100780;CC de la Sologne des Étangs;25.8;65;null;21000;4
244100798;CC du Grand Chambord;20.9;137;200030385;23280;5
244100806;CC de la Sologne des Rivières;30.6;51;null;20840;3.6
244200614;CC des Vals d'Aix et Isable;25;53;null;20360;4.3
244200622;CC des Monts du Pilat;22.3;124;244200770;22350;7.2
244200630;CC du Pays entre Loire et Rhône;21.4;103;200035731;20870;3.5
244200770;Saint-Etienne Métropole;21;4940;200065886;20110;6.9
244200820;CC du Pays d'Urfé;27.2;34;null;19440;2.9
244200895;CC du Pilat Rhodanien;19.4;201;null;23120;6.6
244300307;CC du Pays de Montfaucon;24.2;60;null;20660;3.4
244301016;CC des Sucs;22.5;139;null;20770;4.4
244301099;CC Auzon Communauté;25.6;68;null;20230;2.7
244301107;CC du Haut-Lignon;28;67;null;20010;5.1
244301123;CC des Pays de Cayres et de Pradelles;28.5;23;null;18870;2.8
244301131;CC Loire et Semène;18.5;146;244200770;22110;4.9
244400404;Nantes Métropole;16.1;9847;200054781;23390;16.6
244400438;CC de Grand Lieu;14.4;342;244400404;22780;6.1
244400453;CC de la Région de Blain;17.3;112;null;21260;5.1
244400503;CC d'Erdre et Gesvres;13.5;630;244400404;23990;10
244400537;CC de Nozay;14.5;94;null;20630;4.7
244400552;CC du Pays d'Ancenis;17;468;244400404;21510;5.3
244400586;CC du Sud-Estuaire;22.1;270;200067346;22240;4.8
244400610;CA de la Presqu'île de Guérande Atlantique (Cap Atlantique);30.5;857;244400644;23330;7.5
244400644;CA de la Région Nazairienne et de l'Estuaire (CARENE);21.5;1091;244400404;21510;6.4
244500203;CA Montargoise et Rives du Loing (A.M.E.);23;567;244500468;19650;5.6
244500211;CC Giennoises;22.9;169;null;20780;4.5
244500419;CC des Quatre Vallées;21.9;118;null;21740;3.8
244500427;CC des Loges;18.5;341;244500468;23670;7.6
244500468;Orléans Métropole;17.2;3271;200054781;22140;11.9
244500484;CC de la Forêt;16.5;119;244500468;24010;6.7
244500542;CC de la Plaine du Nord Loiret;18.2;30;null;22030;3.9
244600433;CC de la Vallée du Lot et du Vignoble;32.6;135;null;20520;5.4
244600482;CC Quercy - Bouriane;33.1;94;null;19960;4.7
244600532;CC du Pays de Lalbenque-Limogne;27.9;106;null;20960;6.5
244600573;CC du Causse de Labastide-Murat;32;34;null;20310;6.1
244700449;CC du Pays de Duras;30.1;74;null;18680;5.1
244700464;CC du Pays de Lauzun;34.5;90;null;18690;3.5
244701355;CC des Coteaux et Landes de Gascogne;30.6;104;200030674;20290;3.5
244701405;CC Lot et Tolzac;28.2;68;null;19290;4.6
244800405;CC Cœur de Lozère;18.7;100;null;21900;7.3
244800470;CC du Gévaudan;25;62;null;20980;4.7
244900015;CU Angers Loire Métropole;18.5;3322;200071553;21780;11.4
244900809;CC Anjou Bleu Communauté;21.4;212;244900015;19980;3.2
244900882;CC Baugeois Vallée;20.7;177;244900015;20270;3.8
245100615;CC de la Grande Vallée de la Marne;22.2;82;200067684;25010;5.5
245100888;CC de la Brie Champenoise;22.5;41;null;20770;3.5
245100979;CC du Sud Marnais;21.3;40;null;21040;2.6
245200597;CC des Trois Forêts;25.9;36;200068658;20710;2.9
245300223;CC du Pays de Meslay-Grez;18.7;79;200083392;20530;4.1
245300355;CC de l'Ernée;22.3;114;200083392;20180;2.7
245300389;CC du Bocage Mayennais;28.8;140;200055887;19450;2.2
245300447;CC du Pays de Château-Gontier;21.4;206;null;20920;4.6
245400171;CC Moselle et Madon;20.8;197;245400676;23240;6.9
245400189;CC des Pays du Sel et du Vermois;20.7;218;245400676;22030;4.8
245400262;CA de Longwy;18.5;340;200043693;21220;4.8
245400510;CC du Pays de Colombey et du Sud Toulois;16.7;86;null;21180;3.5
245400601;CC du Bassin de Pompey;21.3;317;245400676;22100;6.2
245400676;Métropole du Grand Nancy;17.7;3245;245400601;21320;14.8
245400759;CC du Pays du Sanon;19.6;37;null;21850;3
245500327;CC du Sammiellois;22.7;56;null;20240;2.8
245501176;CC du Territoire de Fresnes-en-Woëvre;21;29;null;21050;3.9
245501184;CC du Pays de Revigny-sur-Ornain;21.2;27;null;20800;2.8
245501242;CC du Pays d'Étain;19.4;51;null;20150;2.9
245501259;CC du Pays de Montmédy;17.2;35;null;21250;2.8
245600440;CC de Blavet Bellevue Océan;18.7;121;200042174;22500;5.3
245600465;CC de Belle-Île-en-Mer;27.6;51;null;21900;6.1
245614383;CC Questembert Communauté;21.3;162;200067932;20880;4.2
245614417;CC Roi Morvan Communauté;29.1;183;null;19240;3.4
245614433;CC Pontivy Communauté;22.1;281;200042174;20830;4.1
245700133;CC du District Urbain de Faulquemont (DUF);18.8;174;200067502;21470;4.1
245700372;CA de Forbach Porte de France;19.9;496;200070746;19290;4.2
245700398;CC de Freyming-Merlebach;21.7;252;245700372;18340;3.2
245700695;CC de Cattenom et Environs;13.5;167;245701362;30530;12.7
245700950;CC du Pays de Phalsbourg;18.7;108;200068146;22110;4.1
245701164;CC du Warndt;20.9;89;200067502;19890;2.8
245701206;CC du Saulnois;20.5;167;null;20810;3.6
245701222;CA du Val de Fensch;20.3;482;245701362;19830;3.5
245701271;CC du Pays Orne Moselle;19.3;366;200039949;20870;4
245701354;CC de l'Arc Mosellan;16.7;206;245701362;25030;6.3
245701362;CA Portes de France-Thionville;19;645;245701222;23480;10.7
245701404;CC du Pays Haut Val d'Alzette;18.8;127;245701362;23220;4.2
245801063;CC Loire et Allier;22.5;50;null;22890;5.3
245804406;CA de Nevers;25.1;451;200068088;20470;5.5
245804497;CC du Nivernais Bourbonnais;25.2;31;null;19880;3.3
245900428;CU de Dunkerque;18.6;1441;200040954;19410;5
245900758;CC Flandre Lys;17.3;268;200072460;21700;5.4
245901038;CC du Pays Solesmois;19.5;80;200030633;20350;4.8
245901152;CC Cœur d'Ostrevent;17;416;200044618;18730;3.5
245901160;CA Valenciennes Métropole;16.8;1699;200042190;18530;6.5
246000129;CC du Liancourtois;16;200;246000376;22160;4.4
246000376;CC du Clermontois;16.1;256;200067999;22830;5.6
246000566;CC du Plateau Picard;15.7;173;246000376;21400;3.5
246000582;CC des Sablons;13.8;333;200067999;22560;4.5
246000707;CC du Vexin-Thelle;16.9;161;null;24240;6.2
246000749;CC des Lisières de l'Oise;18.9;122;null;22850;6.9
246000756;CC du Pays Noyonnais;17.9;173;200067965;19640;3.4
246000764;CC de l'Aire Cantilienne;20.6;598;200054781;29320;17.8
246000772;CC des Deux Vallées;18.8;141;200067965;22190;4
246000848;CC de la Picardie Verte;18.7;155;200067999;20580;3.5
246000855;CC du Pays des Sources;15.8;160;200067965;22850;5
246000871;CC du Pays de Valois;14.5;419;null;24160;5.7
246000897;CC de la Plaine d'Estrées;15.2;137;200067965;24120;5.7
246000913;CC du Pays de Bray;15.8;114;200067999;21840;4
246000921;CC des Pays d'Oise et d'Halatte;16;297;null;23400;6.7
246100390;CC du Val d'Orne;22.7;33;null;19930;4.7
246100663;CU d'Alençon;22.8;368;200065597;20730;5.8
246200299;CA d'Hénin-Carvin;16.4;889;246200364;18080;3.2
246200364;CA de Lens - Liévin;17.2;1623;200072460;17580;3.2
246200380;CC de la Terre des Deux Caps;17.2;165;246200729;20180;5.1
246200729;CA du Boulonnais;19.5;879;200018083;18720;5.5
246200844;CC de la Région d'Audruicq;14.6;168;200090751;20990;3.7
246201016;CC du Pays de Lumbres;15.6;127;200069037;20070;3.6
246300701;Clermont Auvergne Métropole;20;3455;200070753;21920;13
246300966;CC du Massif du Sancy;26.2;111;null;20460;4.2
246301097;CC Entre Dore et Allier;20.2;140;200070712;22140;5
246400337;CC de la Vallée d'Ossau;27.3;91;null;20560;6
246401756;CC Pays de Nay;21.1;246;200067254;22350;7.9
246500482;CC de la Haute-Bigorre;30.3;203;null;20500;6.9
246500573;CC Aure-Louron;25;85;null;20520;6.7
246600282;CC Sud-Roussillon;30.1;268;200027183;20810;6.1
246600373;CC du Vallespir;31;206;null;19960;6.6
246600399;CC Pyrénées Cerdagne;20.6;106;null;20360;7.1
246600415;CC Roussillon-Conflent;22.4;191;200027183;19120;4.9
246600423;CC Agly Fenouillèdes;30.7;55;null;16980;3.7
246600449;CC des Aspres;21.1;227;200027183;20270;6
246600464;CC Pyrénées catalanes;18.1;94;null;20540;7.8
246600548;CC du Haut Vallespir;36.5;104;null;18070;4.9
246700306;CC de la Vallée de la Bruche;21.4;140;246701064;21530;3.6
246700488;Eurométropole de Strasbourg;16.3;6942;200054781;20760;16
246700744;CC des Portes de Rosheim;19.4;161;null;26150;10
246700777;CC de la Vallée de Villé;21.1;68;null;23330;5.9
246700843;CC de la Basse-Zorn;19;132;null;25270;6
246700926;CC du Pays de Wissembourg;20.6;102;null;23370;6.5
246700959;CC du Pays de la Zorn;18.3;106;null;24760;6.1
246700967;CC de Sélestat;17.7;330;246800726;22710;8.2
246701064;CC de la Région de Molsheim-Mutzig;17.7;329;246700488;24110;6.9
246701080;CC du Pays de Sainte-Odile;20.2;182;null;23850;8.9
246701098;CC du Pays de Niederbronn-les-Bains;21.1;144;200067874;22430;3.6
246800205;CC de la Vallée de Saint-Amarin;24.7;69;null;21870;3
246800395;CC du Val d'Argent;20.6;51;null;20380;3.7
246800445;CC du Centre du Haut-Rhin;16.9;118;200066009;24150;4.9
246800494;CC du Pays de Rouffach, Vignobles et Châteaux;20.2;110;null;25430;8.6
246800551;CC de la Vallée de Kaysersberg;22.3;139;246800726;24010;6.4
246800569;CC de la Région de Guebwiller;20;297;200066009;22820;5.9
246800577;CC du Pays de Ribeauvillé;22.1;155;246800726;24150;6.8
246800585;CC de la Vallée de Munster;23.2;111;246700488;22110;5.4
246800676;CC de la Vallée de la Doller et du Soultzbach;19.6;113;null;23670;4.8
246800726;CA Colmar Agglomération;19.5;1056;246700488;22150;9.4
246900575;CC de l'Est Lyonnais (CCEL);16.5;555;200046977;27160;10.5
246900625;CC du Pays de l'Arbresle (CCPA);17.7;474;200046977;25570;11.9
246900724;CC des Vallons du Lyonnais (CCVL);17.7;401;200046977;26270;13.2
246900740;CC du Pays Mornantais (COPAMO);15.9;340;200046977;25910;10.2
246900757;CC de la Vallée du Garon (CCVG);19.4;542;200046977;27290;15.5
246900765;CC du Pays de l'Ozon;18.3;354;200046977;26620;10.8
247000011;CA de Vesoul;22.3;288;242500361;20870;6.3
247000367;CC des Combes;21.1;42;null;21050;4
247000623;CC des Quatre Rivières;27.9;76;null;20430;2.8
247000664;CC du Pays de Lure;20.6;143;null;20600;4.2
247000698;CC des Monts de Gy;18.8;39;null;21130;4.2
247000706;CC du Pays Riolais;15.8;84;242500361;22580;6.9
247000714;CC du Pays de Villersexel;23.5;36;null;20430;2.8
247000722;CC du Pays d'Héricourt;20.9;146;200069052;21660;5.3
247000755;CC du Pays de Luxeuil;23.5;97;null;19270;4.3
247000821;CC Rahin et Chérimont;20.2;69;null;20990;4.9
247000854;CC des 1000 étangs;26.5;61;null;20010;3.1
247100290;CU Le Creusot Montceau-les-Mines;27.1;665;242100410;20160;4.2
247100589;CA Le Grand Chalon;21.7;1058;242100410;21300;6.7
247100639;CC de Marcigny;29.6;34;null;20040;4.5
247100647;CC Bresse Nord Intercom;30.3;53;null;20010;2.5
247103765;CC Entre Saône et Grosne;22.2;93;null;21920;5.7
247103864;CC du Canton de Semur-en-Brionnais;26.9;24;null;21120;5.4
247104094;CC Sud Côte Chalonnaise;23;103;247100589;22660;7.8
247200090;CC de Sablé-sur-Sarthe;20;139;247200132;20490;3.8
247200132;CU Le Mans Métropole;21.1;1905;200054781;20930;8.7
247200348;CC du Pays Fléchois;20.3;136;null;20700;4
247200421;CC du Sud Est du Pays Manceau;19.2;121;247200132;22890;5.6
247200447;CC Orée de Bercé - Belinois;18.3;124;247200132;21940;4.2
247200629;CC du Val de Sarthe;18.3;155;247200132;22300;4.3
247200686;CC du Pays de l'Huisne Sarthoise;22.1;127;200072684;21100;3.6
247300015;CC des Vallées d'Aigueblanche;19.5;90;null;22970;3.9
247300254;CC de Haute-Tarentaise;14.7;362;null;23070;7.2
247300262;CC de Yenne;20.4;65;null;23070;5.7
247300361;CC du Canton de la Chambre;22.3;49;null;23110;4.2
247300452;CC Maurienne Galibier;24;56;null;22490;4.2
247300528;CC Val Guiers;20.5;125;null;22070;5.3
247300668;CC du Lac d'Aiguebelette (CCLA);18.4;74;null;24650;10.5
247300676;CC Porte de Maurienne;19.5;52;null;22130;4.3
247300817;CC Les Versants d'Aime;16;182;null;23330;5.7
247400047;CC de la Vallée Verte;13.7;81;null;29120;8.5
247400112;CC du Pays de Cruseilles;11.8;184;200066793;35010;14.5
247400567;CC Fier et Usses;13.4;195;200066793;27880;8.9
247400583;CC Arve et Salève;14.9;185;null;32570;9.6
247400617;CC des Vallées de Thônes;16.9;263;200066793;24820;7.8
247400666;CC des Quatre Rivières;14.1;195;null;30200;8.4
247400682;CC du Haut-Chablais;17.7;457;null;24570;6.3
247400690;CC du Genevois;12.4;408;200011773;37480;15.5
247400724;CC du Pays Rochois;12.8;296;200000172;29310;9.7
247400740;CC Rumilly Terre de Savoie;15.3;320;200066793;24240;5.3
247400773;CC des Sources du Lac d'Annecy;22.9;183;200066793;23670;6.3
247600505;CC Campagne-de-Caux;16.5;88;200084952;22920;4.5
247600588;CC des Villes Sœurs;25.5;218;200070944;19870;3.2
247600604;CC de Londinières;21.3;25;null;19580;3.2
247600620;CC Yvetot Normandie;19.7;160;200023414;21930;5.3
247600646;CC Caux - Austreberthe;18.3;154;200023414;21230;4
247600729;CC Falaises du Talou;18.5;160;247600786;20950;3
247600786;CA de la Région Dieppoise;24.9;376;247600729;19680;5.6
247700032;CC Moret Seine et Loing;18.8;465;200072346;24640;9.6
247700057;CA Melun Val de Seine;14.8;2005;200054781;21450;9.1
247700065;CC du Pays de l'Ourcq;13.4;165;null;22630;4.2
247700107;CC Pays de Montereau;17.6;448;200054781;19560;3.6
247700339;CA Val d'Europe Agglomération;9.6;849;247700594;26570;12.4
247700594;CA Marne et Gondoire;11.2;1798;200054781;25620;13.8
247700644;CC l'Orée de la Brie;15;370;200054781;25560;7.6
247700701;CC Brie Nangissienne;13.9;268;null;22490;4.3
247800550;CC du Pays Houdanais (C.C.P.H.);17;344;200040277;27360;10.8
247800584;CA Versailles Grand Parc (C.A.V.G.P.);17.8;4201;200054781;30540;29.8
247800618;CC Cœur d'Yvelines;18.1;676;200054781;30760;17.6
247900798;CC du Thouarsais;24.3;209;200040244;19810;3.1
248000499;CC du Val de Somme;18.2;151;248000531;22200;5.3
248000531;CA Amiens Métropole;15.8;2078;200054781;20320;11.7
248000747;CC du Pays du Coquelicot;20.6;166;null;20640;3.3
248100158;CC du Sor et de l'Agout;21.9;246;248100430;21020;5.4
248100430;CA de Castres Mazamet;26.5;750;243100518;19560;5.7
248100497;CC Val 81;28.1;57;null;19530;3.8
248100737;CA de l'Albigeois (C2A);24.5;1030;243100518;21220;8.2
248100745;CC Thoré Montagne Noire;32;36;null;19240;2.7
248200016;CC des Deux Rives;23.7;131;null;19510;4
248200057;CC du Quercy Caussadais;25.8;168;null;19610;3.9
248200065;CC de la Lomagne Tarn-et-Garonnaise;28.3;110;null;19850;4.1
248200099;CA Grand Montauban;20.4;1059;243100518;20630;7.5
248200107;CC du Quercy Rouergue et des Gorges de l'Aveyron;31.5;111;null;18470;6.8
248300394;CA Sud Sainte-Baume;31.6;1074;248300543;24220;11.2
248300410;CC de la Vallée du Gapeau;21.2;441;248300543;23120;7
248300493;CA Dracénie Provence Verdon Agglomération;23.3;1549;200035319;20700;6.2
248300543;Métropole Toulon-Provence-Méditerranée;25.1;6485;200054807;21140;8.6
248300550;CC Cœur du Var;21.1;604;248300543;20740;4.7
248400053;CA Ventoux-Comtat-Venaissin (COVE);23.1;890;248400293;19710;6.7
248400160;CC Aygues-Ouvèze en Provence (CCAOP);19.5;225;248400236;21970;6.1
248400236;CC du Pays Réuni d'Orange;21;519;248400160;19570;5.8
248400251;CA du Grand Avignon (COGA);20;3126;248400293;19640;9.9
248400285;CC Territoriale Sud-Luberon;20.9;347;200054807;22480;11.1
248400293;CC des Sorgues du Comtat;19.9;682;248400251;20330;5.4
248400319;CC du Pays des Sorgues et des Monts de Vaucluse;22.3;480;248400251;21710;8.6
248400335;CC Vaison Ventoux;29;177;null;20600;7.1
248500191;CC de l'Île de Noirmoutier;35.5;102;null;21760;4.9
248500258;CC Océan Marais de Monts;31.9;204;200071629;21300;3.9
248500340;CC Pays de Chantonnay;18;131;null;20700;3.1
248500415;CC du Pays de la Châtaigneraie;24.8;101;null;19660;2.2
248500464;CC du Pays de Pouzauges;19.9;131;null;20590;2.6
248500530;CC du Pays des Achards;17.6;164;null;21030;3.5
248500563;CC Vendée, Sèvre, Autise;23.7;113;200071934;20580;3.6
248500589;CA La Roche-sur-Yon Agglomération;18.6;910;244400404;21690;7.1
248500621;CC du Pays des Herbiers;17;240;null;21360;4.6
248500662;CC du Pays de Mortagne;19;178;null;21640;3.6
248600413;CA Grand Châtellerault;23.5;629;200069854;20450;4.7
248600447;CC du Pays Loudunais;25.6;135;null;19160;2.8
248700189;CC du Pays de Saint-Yrieix;31.6;96;248719312;20030;4.3
248719262;CC Gartempe - Saint-Pardoux;29.9;42;null;19250;3.4
248719288;CC du Val de Vienne;21.2;100;248719312;22540;6.5
248719312;CU Limoges Métropole;21.5;1991;200066512;21240;9.3
248719338;CC Briance-Combade;30;31;null;19620;3.2
248719353;CC des Portes de Vassivière;33.2;56;null;18920;5.4
248719361;CC de Noblat;25.6;98;null;20720;5.3
248900334;CA du Grand Sénonais;22.7;655;248900896;20370;5.8
248900383;CC de l'Agglomération Migennoise;21.4;70;200067114;19030;2.2
248900524;CC de l'Aillantais;21.9;84;null;21970;4.8
248900664;CC de la Vanne et du Pays d'Othe;24.8;56;null;20910;3.8
248900748;CC du Gâtinais en Bourgogne;20.3;144;248900334;22130;4
248900896;CC Yonne Nord;19.8;201;248900334;21870;3.6
248900938;CC du Jovinien;23.1;180;248900383;19860;4.6
249000241;CC du Sud Territoire;19.8;176;200065647;22870;4.1
249100074;CC du Pays de Limours (CCPL);16.6;302;200054781;29700;17.5
249100157;CC des Deux Vallées;20.6;217;null;26130;8
249100546;CC du Val d'Essonne (CCVE);16.1;688;200059228;26270;9.7
249100553;CC Entre Juine et Renarde (CCEJR);17.6;279;200057859;27060;9.3
249100595;CC Le Dourdannais en Hurepoix (CCDH);17.6;269;null;25050;10.4
249500109;CA de Cergy-Pontoise;10.4;3807;200054781;21880;12
249500430;CC Sausseron Impressionnistes;17.9;256;null;28220;12.4
249500455;CC de la Vallée de l'Oise et des Trois Forêts;17.1;513;200058485;26840;11.6
249500489;CC du Haut Val d'Oise;12.2;506;200067973;21470;5.4
249500513;CC du Vexin-Val de Seine;17.3;173;null;24430;7.9
249710047;CC de Marie-Galante;24;99;null;N/A;3
249710062;CA du Nord Basse-Terre;16.3;955;200018653;N/A;6.1
249710070;CA Grand Sud Caraïbe;20.8;722;200018653;N/A;4.4
249720053;CA de l'Espace Sud de la Martinique;19.2;1210;249720061;18080;5.6
249720061;CA du Centre de la Martinique;19.3;1862;249720053;19130;8.8
249730037;CC de l'Ouest Guyanais;2.6;188;249730045;N/A;3.4
249730045;CA du Centre Littoral;7.2;1469;200054781;N/A;6.9
249730052;CC de l'Est Guyanais;3.9;16;null;N/A;2.6
249740077;CA CIVIS (Communauté Intercommunale des VIlles Solidaires);11.4;1780;249740085;15140;5
249740085;CA du Sud;12.5;1025;249740077;14470;3
249740093;CA Intercommunale de la Réunion Est (CIREST);9.8;956;249740119;13680;3
249740101;CA Territoire de la Côte Ouest (TCO);10.7;2328;249740119;16300;6.2
249740119;CA Intercommunale du Nord de la Réunion (CINOR);11.4;2189;249740093;16930;8