nom,nom_minimise,SIREN,code_region,code_departement
Bordeaux Métropole,MET BORDEAUX METROPOLE,243300316,75,33
Boucle Nord de Seine,BOUCLE NORD DE SEINE,200057990,11,92
Brest Métropole,MET BREST METROPOLE,242900314,53,29
CA Alès Agglomération,CA ALES AGGLOMERATION,200066918,76,30
CA Amiens Métropole,CA AMIENS METROPOLE,248000531,32,80
CA Annemasse-les Voirons-Agglomération,CA ANNEMASSE-LES VOIRONS-AGGLOMERATION,200011773,84,74
CA Annonay Rhône Agglo,CA ANNONAY RHONE AGGLO,200072015,84,07
CA Arche Agglo,CA ARCHE AGGLO,200073096,84,"07,26"
CA Ardenne Métropole,CA ARDENNE METROPOLE,200041630,44,08
CA Arlysère,CA ARLYSERE,200068997,84,73
CA Bassin d'Arcachon Sud-Pôle Atlantique (COBAS),CA COBAS POLE ATLANTIQUE,243300563,75,33
"CA Beaune,Côte et Sud - Communauté Beaune-Chagny-Nolay",CA BEAUNE COTE ET SUD,200006682,27,"21,71"
CA Bergeracoise,COMMUNAUTE D AGGLOMERATION BERGERACOISE,200070647,75,24
CA Bourges Plus,CA BOURGES PLUS,241800507,24,18
CA Cannes Pays de Lérins,CA DES PAYS DE LERINS,200039915,93,06
CA Cap Excellence,CA CAP EXCELLENCE,200018653,01,971
CA Carcassonne Agglo,CA CARCASSONNE AGGLO,200035715,76,11
CA Caux Seine Agglo,CA CAUX SEINE AGGLO,200010700,28,76
CA Chartres Métropole,CA CHARTRES METROPOLE,200033181,24,28
CA Châteauroux Métropole,CA CHATEAUROUX METROPOLE,243600327,24,36
CA Chauny-Tergnier-La Fère,CA CHAUNY TERGNIER LA FERE,200071785,32,02
CA CIVIS (Communauté Intercommunale des VIlles Solidaires),CA DES VILLES SOLIDAIRES,249740077,04,974
CA Clisson Sèvre et Maine Agglo,CA CLISSON SEVRE ET MAINE AGGLO (CSMA),200067635,52,44
CA Cœur d'Essonne Agglomération,CA COEUR D'ESSONNE AGGLOMERATION,200057859,11,91
CA Colmar Agglomération,CA COLMAR AGGLOMERATION,246800726,44,68
CA Communauté Paris-Saclay,CA COMMUNAUTE PARIS-SACLAY,200056232,11,91
CA Concarneau Cornouaille Agglomération,CA CONCARNEAU CORNOUAILLE,242900769,53,29
CA Coulommiers Pays de Brie,CA COULOMMIERS PAYS DE BRIE - CA CPB,200090504,11,77
CA Creil Sud Oise,CA AGGLOMERATION CREIL SUD OISE,200068047,32,60
CA d'Agen,AGGLOMERATION D'AGEN,200035459,75,47
CA d'Arles-Crau-Camargue-Montagnette,CA ARLES CRAU CAMARGUE MONTAGNETTE,241300417,93,13
CA d'Épinal,CA EPINAL,200068757,44,88
CA d'Hénin-Carvin,CA HENIN CARVIN,246200299,32,62
CA de Bar-le-Duc - Sud Meuse,CA BAR-LE-DUC-SUD MEUSE,200033025,44,55
CA de Bastia,CA DE BASTIA,242000354,94,2B
"CA de Béthune-Bruay,Artois-Lys Romane",CA BETHUNE-BRUAY ARTOIS-LYS ROMANE,200072460,32,62
CA de Béziers-Méditerranée,CA BEZIERS MEDITERRANEE,243400769,76,34
CA de Blois Agglopolys,CA BLOIS AGGLOPOLYS,200030385,24,41
CA de Cambrai,CA CAMBRAI 2017,200068500,32,59
CA de Castres Mazamet,CA CASTRES-MAZAMET (CACM),248100430,76,81
CA de Cergy-Pontoise,CA CERGY-PONTOISE,249500109,11,"78,95"
CA de Châlons-en-Champagne,CA CHALONS-EN-CHAMPAGNE,200066876,44,51
CA de Chaumont,CA DE CHAUMONT,200068658,44,52
CA de Forbach Porte de France,CA FORBACH PORTE DE FRANCE,245700372,44,57
CA de Haguenau,CA HAGUENAU,200067874,44,67
CA de l'Albigeois (C2A),CA ALBIGEOIS C2A,248100737,76,81
CA de l'Auxerrois,CA AUXERROIS,200067114,27,89
CA de l'Espace Sud de la Martinique,CA ESPACE SUD MARTINIQUE,249720053,02,972
CA de l'Ouest Rhodanien,CA OUEST RHODANIEN - CAOR,200040566,84,69
CA de la Baie de Somme,CA BAIE DE SOMME,200070993,32,80
CA de la Porte du Hainaut,CA DE LA PORTE DU HAINAUT,200042190,32,59
CA de la Presqu'île de Guérande Atlantique (Cap Atlantique),CA CAP ATLANTIQUE,244400610,"52,53","44,56"
CA de la Provence Verte,CA PROVENCE VERTE,200068104,93,83
CA de la Région de Château-Thierry,CA REGION CHATEAU-THIERRY,200072031,32,02
CA de la Région de Compiègne et de la Basse Automne,CA REGION COMPIEGNE ET BASSE AUTOMNE,200067965,32,60
CA de la Région Dieppoise,CA REGION DIEPPOISE  - CARD,247600786,28,76
CA de la Région Nazairienne et de l'Estuaire (CARENE),CA REGION NAZAIRIENNE (CARENE),244400644,52,44
CA de la Riviera Française,CA DE LA RIVIERA FRANCAISE,240600551,93,06
CA de la Rochelle,CA LA ROCHELLE,241700434,75,17
CA de Lamballe Terre et Mer,CA LAMBALLE TERRE ET MER,200069391,53,22
CA de Laval Agglomération,CA LAVAL AGGLOMERATION,200083392,52,53
CA de Lens - Liévin,CA LENS LIEVIN,246200364,32,62
CA de Longwy,CA DE LONGWY,245400262,44,54
CA de Nevers,CA  AGGLOMERATION URBAINE NEVERS,245804406,27,58
CA de Nîmes Métropole,CA NIMES METROPOLE BP,243000643,76,30
CA de Saint-Dié-des-Vosges,CA SDDV,200071066,44,"54,88"
CA de Saint-Dizier Der et Blaise,CA DE SAINT-DIZIER DER ET BLAISE,200068666,44,"51,52"
CA de Saint-Quentin-en-Yvelines,CA SAINT-QUENTIN-EN-YVELINES,200058782,11,78
CA de Saintes,CA SAINTES,200036473,75,17
CA de Sophia Antipolis,CA SOPHIA ANTIPOLIS,240600585,93,06
CA de Vesoul,CA VESOUL,247000011,27,70
CA Dembeni-Mamoudzou,CA DE DEMBENI-MAMOUDZOU,200060457,06,976
CA des Deux Baies en Montreuillois,CA DES DEUX BAIES EN MONTREUILLOIS,200069029,32,62
CA Dinan Agglomération,CA DINAN AGGLOMERATION,200068989,53,22
CA Dracénie Provence Verdon Agglomération,CA DRACENIE PROVENCE VERDON,248300493,93,83
CA du Bassin d'Arcachon Nord,CA COBAN,243301504,75,33
CA du Bassin d'Aurillac,CA BASSIN D'AURILLAC (CABA),241500230,84,15
CA du Bassin de Bourg-en-Bresse,CA BASSIN DE BOURG EN BRESSE,200071751,84,01
CA du Bassin de Brive,CA BASSIN BRIVE,200043172,75,19
CA du Beauvaisis,CA BEAUVAISIS,200067999,32,60
CA du Bocage Bressuirais,CA DU BOCAGE BRESSUIRAIS (CA2B),200040244,75,79
CA du Boulonnais,CA DU BOULONNAIS,246200729,32,62
CA du Caudrésis et du Catésis,CA DU CAUDRESIS ET DU CATESIS,200030633,32,59
CA du Centre de la Martinique,CA CENTRE MARTINIQUE,249720061,02,972
CA du Centre Littoral,CA CENTRE LITTORAL (CACL),249730045,03,973
CA du Choletais,CA AGGLOMERATION DU CHOLETAIS,200071678,52,49
CA du Cotentin,CA DU COTENTIN,200067205,28,50
CA du Douaisis Agglo,DOUAISIS AGGLO,200044618,32,59
CA du Gard Rhodanien,CA GARD RHODANIEN,200034692,76,30
CA du Grand Angoulême,CA GRAND ANGOULEME,200071827,75,16
CA du Grand Annecy,CA GRAND ANNECY,200066793,84,74
CA du Grand Avignon (COGA),CA DU GRAND AVIGNON,248400251,"76,93","30,84"
CA du Grand Cahors,CA DU GRAND CAHORS,200023737,76,46
CA du Grand Chambéry,CA GRAND CHAMBERY,200069110,84,73
CA du Grand Cognac,CA GRAND COGNAC,200070514,75,16
CA du Grand Dax,CA DU GRAND DAX,244000675,75,40
CA du Grand Dole,CA DU GRAND DOLE,200010650,27,39
CA du Grand Guéret,CA GRAND GUERET(CAGG),200034825,75,23
CA du Grand Sénonais,CA DU GRAND SENONAIS,248900334,27,89
CA du Grand Verdun,CA DU GRAND VERDUN,200049187,44,55
CA du Grand Villeneuvois,CA GRAND VILLENEUVOIS,200023307,75,47
CA du Libournais,CA DU LIBOURNAIS,200070092,75,33
CA du Niortais,CA DU NIORTAIS (CAN),200041317,75,79
CA du Nord Basse-Terre,CA DU NORD DE LA BASSE TERRE,249710062,01,971
CA du Nord Grande Terre,CA DU NORD GRANDE TERRE,200044691,01,971
CA du Pays Ajaccien,CA PAYS AJACCIEN,242010056,94,2A
CA du Pays Basque,CA PAYS BASQUE,200067106,75,64
CA du Pays de Dreux,CA PAYS DE DREUX,200040277,"24,28","27,28"
CA du Pays de Fontainebleau,CA DU PAYS DE FONTAINEBLEAU,200072346,11,77
CA du Pays de Gex,PAYS DE GEX AGGLO,240100750,84,01
CA du Pays de Grasse,CA PAYS DE GRASSE,200039857,93,06
CA du Pays de l'Or,CA DU PAYS DE L OR,243400470,76,34
CA du Pays de Laon,CA PAYS DE LAON,200043495,32,02
CA du Pays de Meaux,COMMUNAUTE AGGLO DU PAYS DE MEAUX,200072130,11,77
CA du Pays de Saint-Omer,CA DU PAYS DE SAINT-OMER,200069037,32,62
CA du Pays de Saint Malo Agglomération,CA SAINT MALO AGGLOMERATION,243500782,53,35
CA du Pays Nord Martinique,CA DU PAYS NORD MARTINIQUE,200041788,02,972
CA du Pays Voironnais,CA PAYS VOIRONNAIS/CAPV,243800984,84,38
CA du Puy-en-Velay,CA PUY EN VELAY CAPEV,200073419,84,43
CA du Saint-Quentinois,CA DU SAINT-QUENTINOIS,200071892,32,02
CA du Sicoval,CA DU SICOVAL,243100633,76,31
CA du Sud,CA SUD,249740085,04,974
CA du Val de Fensch,CA VAL DE FENSCH,245701222,44,57
CA Durance-Lubéron-Verdon Agglomération,CA DURANCE LUBERON VERDON AGGLOMERATION,200034700,93,"04,83"
CA ECLA  (Espace Communautaire Lons Agglomération),CA ECLA 2,200071116,27,39
"CA Épernay,Coteaux et Plaine de Champagne",CA EPERNAY-COTEAUX ET PLAINE DE CHAMPAGN,200067684,44,51
CA Étampois Sud-Essonne (CCESE),CA ETAMPOIS SUD ESSONNE,200017846,11,91
CA Evreux Portes de Normandie,CA EVREUX PORTES DE NORMANDIE,200071454,28,27
CA Fécamp Caux Littoral Agglomération,CA FECAMP CAUX LITTORAL AGGLOMERATION,200069821,28,76
CA Flers Agglo,CA FLERS-AGGLO,200035814,28,61
CA Fougères Agglomération,CA FOUGERES AGGLOMERATION,200072452,53,35
CA Gaillac-Graulhet,CA GAILLAC-GRAULHET,200066124,76,81
CA Gap-Tallard-Durance,CA GAP TALLARD DURANCE,200067825,93,"04,05"
CA Golfe du Morbihan - Vannes Agglomération,CA GOLFE DU MORBIHAN VANNES AGGLO,200067932,53,56
CA Grand Auch Cœur de Gascogne,C A  GRAND AUCH COEUR DE GASCOGNE,200066926,76,32
CA Grand Belfort,CA GRAND BELFORT COMMUNAUTE D'AGGLO,200069052,27,90
CA Grand Calais Terres et Mers,CA DU CALAISIS,200090751,32,62
CA Grand Châtellerault,CA DU GRAND CHATELLERAULT,248600413,75,86
CA Grand Lac,GRAND LAC-CA DU LAC DU BOURGET,200068674,84,73
CA Grand Montauban,CA GRAND MONTAUBAN,248200099,76,82
CA Grand Paris Sud Seine Essonne Sénart,CA GRD PARIS SUD SEINE ESS SEN,200059228,11,"77,91"
CA Grand Sud Caraïbe,CA GRAND SUD CARAIBES,249710070,01,971
CA GrandSoissons Agglomération,GRANDSOISSONS AGGLOMERATION,240200477,32,02
CA Guingamp-Paimpol Agglomération de l'Armor à l'Argoat,CA GUINGAMP PAIMPOL ARMOR ARGOAT AGGLOME,200067981,53,22
CA Haut - Bugey Agglomération,HAUT BUGEY AGGLOMERATION,200042935,84,01
CA Hérault-Méditerranée,CA HERAULT MEDITERRANEE,243400819,76,34
CA Intercommunale de la Réunion Est (CIREST),CA CIREST,249740093,04,974
CA Intercommunale du Nord de la Réunion (CINOR),CA  CINOR,249740119,04,974
CA La Riviera du Levant,CA LA RIVIERA DU LEVANT,200041507,01,971
CA La Roche-sur-Yon Agglomération,LA ROCHE-SUR-YON AGGLOMERATION,248500589,52,85
CA Lannion-Trégor Communauté,CA LANNION-TREGOR COMMUNAUTE (2017),200065928,53,22
CA Le Grand Chalon,CA LE GRAND CHALON,247100589,27,71
CA Le Grand Narbonne,CA LE GRAND NARBONNE,241100593,76,11
CA Le Grand Périgueux,CA LE GRAND PERIGUEUX,200040392,75,24
CA Le Muretain Agglo,CA MURETAIN AGGLO,200068641,76,31
CA Les Sables d'Olonne Agglomération,CA LES SABLES-D'OLONNE AGGLO,200071165,52,85
CA Lisieux Normandie,CA LISIEUX NORMANDIE,200069532,28,14
CA Loire Forez Agglomération,LOIRE FOREZ AGGLOMERATION,200065886,84,42
CA Lorient Agglomération,CA LORIENT AGGLOMERATION,200042174,53,56
CA Luberon Monts de Vaucluse,CA LUBERON MONTS DE VAUCLUSE,200040442,93,84
CA Mâconnais Beaujolais Agglomération,CA MACONNAIS BEAUJOLAIS AGGLOMERATION,200070308,"27,84","01,71"
CA Marne et Gondoire,CA DE MARNE-ET-GONDOIRE,247700594,11,77
CA Maubeuge Val de Sambre,CA MAUBEUGE VAL DE SAMBRE,200043396,32,59
CA Mauges Communauté,CA MAUGES COMMUNAUTE,200060010,52,49
CA Melun Val de Seine,CA MELUN VAL DE SEINE (CAMVS),247700057,11,77
CA Mont-de-Marsan Agglomération,CA MONT DE MARSAN AGGLOMERATION,244000808,75,40
CA Mont-Saint-Michel-Normandie,CA MONT-SAINT-MICHEL-NORMANDIE,200069425,28,50
CA Montargoise et Rives du Loing (A.M.E.),CA MONTARGOISE ET RIVES LOING,244500203,24,45
CA Montélimar Agglomération,CA MONTELIMAR AGGLOMERATION,200040459,84,26
CA Montluçon Communauté,CA MONTLUCON COMMUNAUTE,200071082,84,03
CA Morlaix Communauté,CA MORLAIX COMMUNAUTE,242900835,53,29
CA Moulins Communauté,CA MOULINS COMMUNAUTE,200071140,"27,84","03,58"
CA Mulhouse Alsace Agglomération,CA MULHOUSE ALSACE AGGLO M2A,200066009,44,68
CA Paris - Vallée de la Marne,CA PARIS VALLEE DE LA MARNE,200057958,11,77
CA Pau Béarn Pyrénées,CA PAU BEARN PYRENEES,200067254,75,64
CA Pays d'Issoire,CA AGGLO PAYS D ISSOIRE,200070407,84,63
CA Pays de Montbéliard Agglomération,CA PAYS DE MONTBELIARD,200065647,27,25
CA Pays Foix-Varilhes,CA PAYS FOIX - VARILHES,200067791,76,09
CA Plaine Vallée,CA PLAINE VALLEE,200056380,11,95
CA Pornic Agglo Pays de Retz,CA PORNIC AGGLO PAYS DE RETZ (CA PAPR),200067346,52,44
CA Porte de l'Isère (C.A.P.I),CA PORTE DE L'ISERE/CAPI,243800604,84,38
CA Portes de France-Thionville,CA PORTES DE FRANCE,245701362,44,57
CA Privas Centre Ardèche,CA PRIVAS CENTRE ARDECHE,200071413,84,07
CA Provence-Alpes-Agglomération,CA PROVENCE-ALPES-AGGLOMERATION,200067437,93,04
CA Quimper Bretagne Occidentale,CA QUIMPER BRETAGNE OCCIDENTALE,200068120,53,29
CA Quimperlé Communauté,CA DU PAYS QUIMPERLE,242900694,53,29
CA Rambouillet Territoires,CA RAMBOUILLET TERRITOIRES,200073344,11,78
CA Redon Agglomération,REDON AGGLOMERATION,243500741,"52,53","35,44,56"
CA Riom Limagne et Volcans,CA RIOM LIMAGNE ET VOLCANS,200070753,84,63
CA Roannais Agglomération,CA ROANNAIS AGGLOMERATION,200035731,84,42
CA Rochefort Océan,CA ROCHEFORT OCEAN,200041762,75,17
CA Rodez Agglomération,CA RODEZ AGGLOMERATION,241200187,76,12
CA Roissy Pays de France,CA ROISSY PAYS DE FRANCE,200055655,11,"77,95"
CA Royan Atlantique,CA ROYAN ATLANTIQUE,241700640,75,17
CA Saint-Avold Synergie,CA SAINT-AVOLD SYNERGIE,200067502,44,57
CA Saint-Brieuc Armor Agglomération,CA SAINT BRIEUC ARMOR AGGLOMERATION SBAA,200069409,53,22
CA Saint-Germain Boucles de Seine,CA ST GERMAIN BOUCLES DE SEINE,200058519,11,"78,95"
CA Saint-Lô Agglo,CA SAINT-LO AGGLO,200066389,28,50
CA Saint-Louis Agglomération,CA SAINT-LOUIS AGGLOMERATION,200066058,44,68
CA Sarreguemines Confluences,CA SARREGUEMINES CONFLUENCES,200070746,44,"57,67"
CA Saumur Val de Loire,CA SAUMUR VAL DE LOIRE,200071876,52,49
CA Seine-Eure,CA SEINE EURE - EX,200089456,28,27
CA Seine-Eure,CC EURE-MADRIE-SEINE,200089456,28,27
CA Seine Normandie Agglomération,CA SEINE NORMANDIE AGGLOMERATION,200072312,28,27
CA Sète Agglopôle Méditerranée,CA SETE AGGLO MEDITERRANEE,200066355,76,34
CA Sud Sainte-Baume,CA SUD STE-BAUME,248300394,93,83
CA Tarbes-Lourdes-Pyrénées,CA TARBES-LOURDES-PYRENNEES,200069300,76,65
CA Terre de Provence,CA TERRE DE PROVENCE,200035087,93,13
CA Territoire de la Côte Ouest (TCO),CA TERRITOIRE DE LA COTE OUEST,249740101,04,974
CA Territoires Vendômois,CA TERRITOIRES VENDOMOIS,200072072,24,41
CA Thonon Agglomération,CA THONON AGGLO,200067551,84,74
CA Troyes Champagne Métropole,CA TROYES CHAMPAGNE METROPOLE,200069250,44,10
CA Tulle Agglo,CA TULLE AGGLO,241927201,75,19
CA Val d'Europe Agglomération,CA VAL D'EUROPE AGGLOMERATION,247700339,11,77
CA Val d'Yerres Val de Seine,CA VAL D'YERRES VAL DE SEINE,200058477,11,91
CA Val de Garonne Agglomération,CA VAL DE GARONNE AGGLOMERATION(VGA),200030674,75,47
CA Val Parisis,CA VAL PARISIS,200058485,11,95
CA Valence Romans Agglo,CA VALENCE ROMANS AGGLO,200068781,84,26
CA Valenciennes Métropole,CA DE VALENCIENNES METROPOLE,245901160,32,59
CA Var Estérel Méditerranée (Cavem),CA VAR ESTEREL MEDITERRANEE,200035319,93,83
CA Ventoux-Comtat-Venaissin (COVE),CA VENTOUX COMTAT VENAISSIN COVE,248400053,93,84
CA Versailles Grand Parc (C.A.V.G.P.),CA VERSAILLES GRAND PARC,247800584,11,"78,91"
CA Vichy Communauté,CA VICHY COMMUNAUTE,200071363,84,03
CA Vienne Condrieu,CA VIENNE-CONDRIEU,200077014,84,"38,69"
CA Villefranche Beaujolais Saône,CA VILLEFRANCHE BEAUJOLAIS SAONE - CAVBS,200040590,84,"01,69"
CA Vitré Communauté,CA VITRE COMMUNAUTE,200039022,53,35
CC Adour Madiran,CC ADOUR MADIRAN,200072106,"75,76","64,65"
CC Agly Fenouillèdes,CC AGLY FENOUILLEDES,246600423,76,66
CC Airvaudais-Val du Thouet,CC AIRVAUDAIS-VAL DU THOUET CCAVT,200041416,75,79
CC Albret Communauté,CC ALBRET COMMUNAUTE,200068948,75,47
CC Alpes-Provence-Verdon - Sources de Lumière,CC ALPES PROVENCE VERDON SOURCES DE LUMI,200068625,93,04
CC Alpes d'Azur,CC ALPES D AZUR,200039931,93,06
CC Altitude 800,CC ALTITUDE 800 ESPACE LEVIER-VAL USIER,242504488,27,25
CC Ambert Livradois Forez,CC AMBERT LIVRADOIS FOREZ,200070761,84,63
CC Amognes Cœur du Nivernais,CC AMOGNES COEUR DU NIVERNAIS,200067908,27,58
CC Andaine - Passais,CC ANDAINE-PASSAIS,200068443,28,61
CC Anjou Bleu Communauté,CC ANJOU BLEU COMMUNAUTE,244900809,52,49
CC Anjou Loir et Sarthe,CC ANJOU LOIR ET SARTHE,200068955,52,49
"CC Arbois,Poligny,Salins,Cœur du Jura",CC ARBOIS POLIGNY SALINS COEUR DU JURA,200071595,27,39
CC Arc Sud Bretagne,CC ARC SUD BRETAGNE (CCASB),200027027,53,56
CC Ardèche des Sources et Volcans,CC ARDECHE DES SOURCES ET DES VOLCANS,200039824,84,07
CC Ardèche Rhône Coiron,CC ARDECHE RHONE COIRON,200071405,84,07
"CC Ardenne,Rives de Meuse",CC ARDENNES RIVES DE MEUSE,240800821,44,08
CC Ardennes Thiérache,CC ARDENNES THIERACHE,200041622,44,08
CC Argentan Intercom,CC ARGENTAN-INTERCOM,200068450,28,61
CC Argonne-Meuse,CC ARGONNE-MEUSE,200066116,44,55
CC Arize Lèze,CC ARIZE - LEZE,200066223,76,09
CC Armagnac Adour,CC ARMAGNAC ADOUR,200035632,76,32
CC Arnon Boischaut Cher,CC ARNON BOISCHAUT CHER,200027076,24,18
CC Artagnan de Fezensac,CC D ARTAGNAN  EN FEZENSAC,243200607,76,32
CC Arve et Salève,CC ARVE ET SALEVE,247400583,84,74
CC Astarac Arros en Gascogne,CC ASTARAC ARROS EN GASCOGNE,200035756,76,32
CC Aubrac Lot Causses Tarn,CC AUBRAC LOT CAUSSES TARN,200069268,76,48
"CC Aubrac,Carladez et Viadène",CC AUBRAC CARLADEZ ET VIADENE,200067171,76,12
CC Aunis Atlantique,CC AUNIS ATLANTIQUE,200041499,75,17
CC Aunis Sud,CC AUNIS SUD,200041614,75,17
CC Auray Quiberon Terre Atlantique,CC AQTA,200043123,53,56
CC Aure-Louron,CC AURE LOURON,246500573,76,65
CC Auxonne Pontailler Val de Saône,CC AUXONNE PONTAILLER VAL DE SAONE,200070902,27,21
CC Auzon Communauté,CC AUZON COMMUNAUTE,244301099,84,43
"CC Avallon,Vézelay,Morvan",CC AVALLONNAIS MORVAN VAUBAN VEZEL,200039758,27,89
CC Aveyron Bas Ségala Viaur,CC AVEYRON BAS SEGALA VIAUR,241200807,76,12
CC Avre Luce Noye,CC AVRE LUCE NOYE,200070969,32,80
CC Aygues-Ouvèze en Provence (CCAOP),CC AYGUES-OUVEZE EN PROVENCE (D'),248400160,93,84
CC Bassée-Montois,CC DU BASSEE MONTOIS,200040251,11,77
CC Bassin Auterivain Haut-Garonnais,CC BASSIN AUTERIVAIN HAUT GARONNAIS,200068807,76,31
CC Bastides de Lomagne,CC BASTIDES DE LOMAGNE,200034726,76,32
CC Bastides et Vallons du Gers,CC BASTIDES ET VALLONS DU GERS,243200508,76,32
CC Baugeois Vallée,CC BAUGEOIS VALLEE,244900882,52,49
CC Bazois Loire Morvan,CC BAZOIS LOIRE MORVAN,200067882,27,58
CC Beaucaire Terre d'Argence,CC TERRES D ARGENCE BEAUCAIRE,243000585,76,30
CC Beauce Val de Loire,CC BEAUCE VAL DE LOIRE,200055481,24,41
CC Beaujolais Pierres Dorées,CC BEAUJOLAIS PIERRES DOREES - CCBPD,200040574,84,69
CC Berg et Coiron,CC BERG ET COIRON,240700815,84,07
CC Berry-Loire-Vauvise,CC BERRY LOIRE VAUVISE,200032514,24,18
CC Berry Grand Sud,CC BERRY GRAND SUD,200049484,24,18
CC Berry Loire Puisaye,CC BERRY LOIRE PUISAYE,200068278,24,45
CC Bièvre Isère,CC BIEVRE ISERE,200059392,84,38
CC Billom Communauté,CC BILLOM COMMUNAUTE,200067627,84,63
CC Bouzonvillois-Trois Frontières,CC BOUZONVILLOIS-TROIS FRONTIERES,200067486,44,57
CC Brenne - Val de Creuse,CC BRENNE-VAL-DE-CREUSE,243600319,24,36
CC Bresse et Saône,CC BRESSE ET SAONE,200071371,84,01
CC Bresse Haute Seille,CC BRESSE HTE SEILLE,200069615,27,39
CC Bresse Louhannaise Intercom',CC BRESSE LOUHANNAISE INTERCOM,200071579,27,71
CC Bresse Nord Intercom,CC BRESSE NORD INTERCOM',247100647,27,71
CC Bresse Revermont 71,CC BRESSE REVERMONT 71,200042414,27,71
CC Bretagne porte de Loire Communauté,CC BRETAGNE PORTE DE LOIRE COMMUNAUTE,200070662,53,35
CC Bretagne Romantique,CC BRETAGNE ROMANTIQUE,243500733,53,35
CC Briance-Combade,CC BRIANCE-COMBADE,248719338,75,87
CC Briance Sud Haute Vienne,CC BRIANCE SUD HAUTE VIENNE,200040814,75,87
CC Brie des Rivières et Châteaux,CC BRIE DES RIVIERES ET CHATEAUX,200070779,11,77
CC Brie Nangissienne,CC LA BRIE NANGISSIENNE,247700701,11,77
CC Bruyères-Vallons des Vosges,CC BRUYERES-VALLONS VOSGES,200042000,44,88
CC Buëch-Dévoluy,CC BUECH DEVOLUY,200067445,93,05
CC Bugey Sud,CC BUGEY SUD,200040350,84,01
CC Cagire Garonne Salat,CC CAGIRE GARONNE SALAT,200073146,76,31
CC Campagne-de-Caux,CC CAMPAGNE DE CAUX,247600505,28,76
CC Canaux et Forêts en Gâtinais,CC CANAUX ET FORET EN GATINAIS,200067676,24,45
CC Cap Sizun - Pointe du Raz,CC CAP SIZUN-POINTE DU RAZ,242900629,53,29
CC Carmausin-Ségala,CC CARMAUSIN-SEGALA-3CS,200040905,76,81
CC Carnelle Pays-De-France,CC CARNELLE PAYS-DE-FRANCE,200073013,11,95
CC Castelnaudary Lauragais Audois,CC CASTELNAUDARY LAURAGAIS AUDOIS,200035855,76,11
CC Castillon/Pujols,CC CASTILLON/PUJOLS SUR DORDOGNE,243301454,75,"24,33"
CC Causses Aigoual Cévennes,CC CAUSSES AIGOUAL CEVENNES,200034601,76,30
CC Causses et Vallée de la Dordogne,CC CAUVALDOR 2,200066371,76,46
CC Caux - Austreberthe,CC CAUX AUSTREBERTHE,247600646,28,76
CC Cazals-Salviac,CC CAZALS-SALVIAC,200035327,76,46
CC Celavu-Prunelli,CC CELAVU -PRUNELLI,242000503,94,2A
CC Centre Morbihan Communauté,CC CENTRE MORBIHAN COMMUNAUTE,200067221,53,56
CC Centre Tarn,CC CENTRE TARN-3CT,200034049,76,81
CC Cère et Goul en Carladès,CC CERE ET GOUL EN CARLADES,241501089,84,15
"CC Chablis,Villages et Terroirs",CC CHABLIS VILLAGES TERROIRS,200067080,27,89
CC Chabris - Pays de Bazelle,CC CHABRIS-PAYS-DE-BAZELLE,243600202,24,36
CC Challans-Gois Communauté,CC CHALLANS-GOIS-COMMUNAUTE,200071629,52,85
CC Chalosse Tursan,CC CHALOSSE TURSAN,200069649,75,40
CC Champagne Boischauts,CC CHAMPAGNE BOISCHAUTS,200068880,24,36
CC Champagnole Nozeroy Jura,CC CHAMPAGNOLE NOZEROY JURA,200069623,27,39
CC Champsaur-Valgaudemar,CC DU CHAMPSAUR VALGAUDEMAR,200068096,93,05
CC Charlieu-Belmont,CC CHARLIEU BELMONT COMMUNAUTE,200035202,84,42
CC Châteaubriant-Derval,CC CHATEAUBRIANT DERVAL,200072726,52,44
CC Chavanon Combrailles et Volcans,CC CHAVANON COMBRAILLES ET VOLCANS,200071215,84,63
"CC Chinon,Vienne et Loire",CC CHINON VIENNE ET LOIRE,200043081,24,37
CC Cingal-Suisse Normande,CC CINGAL-SUISSE NORMANDE,200066710,28,14
CC Cluses-Arve et Montagnes,CC CLUSES ARVE ET MONTAGNES (2CCAM),200033116,84,74
CC Cœur Côte Fleurie,CC COEUR COTE FLEURIE,241400415,28,14
CC Cœur d'Astarac en Gascogne,CC COEUR ASTARAC EN GASCOGNE,243200425,76,32
CC Cœur d'Ostrevent,CC COEUR D'OSTREVENT,245901152,32,59
CC Cœur d'Yvelines,CC COEUR D YVELINES,247800618,11,78
CC Cœur de Beauce,CC COEUR DE BEAUCE,200070159,24,28
CC Cœur de Berry,CC COEUR DE BERRY,200070571,24,18
CC Cœur de Brenne,CC COEUR DE BRENNE,243600343,24,36
CC Cœur de Charente,CC COEUR DE CHARENTE,200072023,75,16
CC Cœur de Chartreuse,CC COEUR DE CHARTREUSE,200040111,84,"38,73"
CC Cœur de France,CC COEUR DE FRANCE,200036135,24,18
CC Cœur de Garonne,CC COEUR DE GARONNE,200068815,76,31
CC Cœur de l'Avesnois,CC COEUR DE L AVESNOIS,200043263,32,59
CC Cœur de Loire,CC COEUR DE LOIRE,200067916,27,58
CC Cœur de Lozère,CC COEUR DE LOZERE,244800405,76,48
CC Cœur de Maurienne Arvan,CC COEUR DE MAURIENNE ARVAN,200070464,84,73
CC Cœur de Nacre,CC COEUR DE NACRE,241400860,28,14
CC Cœur de Saintonge,CC COEUR DE SAINTONGE,241700517,75,17
CC Cœur de Savoie,CC COEUR DE SAVOIE,200041010,84,73
CC Cœur de Sologne,CC COEUR DE SOLOGNE,200000800,24,41
CC Cœur de Tarentaise,CC COEUR DE TARENTAISE,200023299,84,73
CC Coeur du Pays Haut,CC COEUR DU PAYS HAUT,200070290,44,"54,55"
CC Cœur du Perche,CC COEUR-DU-PERCHE,200068435,28,61
CC Cœur du Var,CC COEUR DU VAR,248300550,93,83
CC Cœur et Coteaux du Comminges,CC COEUR ET COTEAUX COMMINGES,200072643,76,31
CC Cœur Haute Lande,CC COEUR HAUTE LANDE,200069656,75,40
CC Combrailles Sioule et Morge,CC COMBRAILLES SIOULE ET MORGE,200072098,84,63
CC Commentry Montmarault Néris Communauté,CC COMMENTRY MONTMARAULT NERIS COMMUNAUT,200071512,84,03
CC Communauté Bray-Eawy,CC COMMUNAUTE BRAY-EAWY,200070068,28,76
CC Communauté Lesneven Côte des Légendes,CC DU PAYS DE LESNEVEN COTE DES LEGENDES,242900793,53,29
CC Comtal Lot et Truyère,CC COMTAL LOT ET TRUYERE,200067478,76,12
CC Conflent-Canigó,CC CONFLENT-CANIGO,200049211,76,66
CC Conques-Marcillac,CC CONQUES-MARCILLAC,241200641,76,12
CC Convergence Garonne,CC CONVERGENCE GARONNE,200069581,75,33
CC Corbières Salanque Méditerranée,CC CORBIERES SALANQUE,200070365,76,"11,66"
CC Côte d'Émeraude,CC COTE D'EMERAUDE,243500725,53,"22,35"
CC Côte Landes Nature,CC COTE LANDES NATURE,244000857,75,40
CC Côte Ouest Centre Manche,CC COTE OUEST CENTRE MANCHE,200067031,28,50
CC Coteaux et Plaines du Pays Lafrançaisain,CC COTEAUX ET PLAINES PAYS LAFRANCAISAIN,200067122,76,82
CC Coteaux et Vallées des Luys,CC COTEAUX VALLEE DU LUYS,244000881,75,40
CC Côtes de Champagne et Val de Saulx,CC - COTES DE CHAMPAGNES ET VAL DE SAULX,200067379,44,51
CC Côtes de Meuse Woëvre,CC COTES MEUSE-WOEVRE,200034874,44,55
CC Couesnon Marches de Bretagne,CC COUESNON MARCHES DE BRETAGNE,200070688,53,35
CC Couserans-Pyrénées,CC COUSERANS-PYRENEES,200067940,76,09
CC Coutances Mer et Bocage,CC COUTANCES MER ET BOCAGE,200067023,28,50
CC Creuse Confluence,CC CREUSE CONFLUENCE,200067544,75,23
CC Creuse Grand Sud,CC CREUSE GRAND SUD (CCCGS),200044014,75,23
CC Creuse Sud Ouest,CC CREUSE SUD OUEST,200067189,75,23
CC d'Aire-sur-l'Adour,CC AIRE-SUR-ADOUR 3,200030435,"75,76","32,40"
"CC d'Arcis,Mailly,Ramerupt",CC ARCIS MAILLY RAMERUPT,200071777,44,10
CC d'Auberive Vingeanne et Montsaugeonnais,CC AUBERIVE VINGEANNE MONTSAUGEONNAIS,200027308,44,52
CC d'Entre Bièvre et Rhône,CC ENTRE BIEVRE ET RHONE,200085751,84,38
CC d'Erdre et Gesvres,CC ERDRE ET GESVRES (CCEG),244400503,52,44
CC de Bayeux Intercom,CC BAYEUX INTERCOM,241400555,28,14
CC de Belle-Île-en-Mer,CC BELLE ILE EN MER - CCBI,245600465,53,56
CC de Bièvre Est,CC BIEVRE EST/CCBE,243801073,84,38
CC de Blavet Bellevue Océan,CC BLAVET BELLEVUE OCEAN - CCBBO,245600440,53,56
CC de Blaye,CC CANTON DE BLAYE,200023794,75,33
CC de Bléré Val de Cher,CC BLERE VAL DE CHER,243700820,24,37
CC de Brioude Sud Auvergne,CC BRIOUDE SUD AUVERGNE,200085728,84,43
CC de Brocéliande,CC DE BROCELIANDE,243500618,53,35
CC de Calvi Balagne,CC DE CALVI BALAGNE,242020105,94,2B
CC de Cattenom et Environs,CC CATTENOM ET ENVIRONS,245700695,44,57
CC de Cèze Cévennes,CC DE CEZE CEVENNES,200035129,"76,84","07,30"
CC de Charente Limousine,CC - CHARENTE LIMOUSINE,200072049,75,16
CC de Commercy - Void - Vaucouleurs,CC COMMERCY-VOID-VAUCOULEURS,200066157,44,55
CC de Damvillers Spincourt,CC DAMVILLERS-SPINCOURT,200066173,44,55
CC de Desvres-Samer,CC DESVRES-SAMER,200018083,32,62
CC de Domme - Villefranche du Périgord,CC DOMME VILLEFRANCHE DU PERIGORD,200041440,75,24
CC de Fium'orbu Castellu,CC DE FIUM'ORBU CASTELLU,200033827,94,2B
CC de Flandre Intérieure,CC DE FLANDRE INTERIEURE,200040947,32,59
CC de Forez-Est,CC FOREZ EST,200065894,84,42
CC de Freyming-Merlebach,CC FREYMING-MERLEBACH,245700398,44,57
CC de Gâtine et Choisilles - Pays de Racan,CC GATINE ET CHOISILLES PAYS DE RACAN,200073237,24,37
CC de Gémozac et de la Saintonge Viticole,CDC GEMOZAC SAINTONGE VITICOLE,241700632,75,17
CC de Gevrey-Chambertin et de Nuits-Saint-Georges,CC GEVREY CHAMBERTIN NUITS ST GEORGES,200070894,27,21
CC de Grand Lieu,CC GRANDLIEU  (CCGL),244400438,52,44
"CC de Granville,Terre et Mer",CC GRANVILLE TERRE ET MER,200042604,28,50
CC de Hanau-La Petite Pierre,CC HANAU LA PETITE PIERRE CCHLPP,200067783,44,67
CC de Haute-Cornouaille,CC DE HAUTE CORNOUAILLE,242900561,53,29
CC de Haute-Tarentaise,CC HAUTE TARENTAISE,247300254,84,73
CC de l'Agglomération Migennoise,CC AGGLOMERATION MIGENNOISE,248900383,27,89
CC de l'Aillantais,CC DE L'AILLANTAIS,248900524,27,89
CC de l'Aire à l'Argonne,CC DE L'AIRE A L'ARGONNE,200066140,44,55
CC de l'Aire Cantilienne,CC AIRE CANTILIENNE,246000764,32,60
CC de l'Alsace Bossue,CC ALSACE BOSSUE  CCAB,200067841,44,67
CC de l'Alta Rocca,CC ALTA ROCCA,242000495,94,2A
CC de l'Arc Mosellan,CC ARC MOSELLAN,245701354,44,57
CC de l'Argonne Ardennaise,CC ARGONNE ARDENNAISE,240800920,44,08
CC de l'Argonne Champenoise,CC ARGONNE CHAMPENOISE,200042703,44,51
CC de l'Ernée,CC L'ERNEE,245300355,52,53
CC de l'Est de la Somme,CC EST DE LA SOMME,200070985,32,"02,80"
CC de l'Est Guyanais,CC EST GUYANAIS (CCEG),249730052,03,973
CC de l'Est Lyonnais (CCEL),CC EST LYONNAIS - CCEL,246900575,84,69
CC de l'Estuaire,CC DE L'ESTUAIRE,243300811,75,33
CC de l'Île-Rousse - Balagne,CC DE L'ILE ROUSSE BALAGNE,200073104,94,2B
CC de l'Île d'Oléron,CC ILE D'OLERON,241700624,75,17
CC de l'Île de Noirmoutier,CC DE L'ILE DE NOIRMOUTIER,248500191,52,85
CC de l'Île de Ré,CC ILE-DE-RE,241700459,75,17
CC de l'Oisans,CC DE L'OISANS,243800745,84,38
CC de l'Oise Picarde,CC OISE PICARDE,200068005,32,60
CC de l'Oriente,CC DE L ORIENTE,200015162,94,2B
CC de l'Orvin et de l'Ardusson,CC ORVIN ET ARDUSSON,241000488,44,10
CC de l'Ouest Guyanais,CC OUEST GUYANAIS,249730037,03,973
CC de l'Ouest Vosgien,CC OUEST VOSGIEN,200068559,44,"52,88"
CC de l'Oust à Brocéliande,CC DE L OUST A BROCELIANDE CCDOBC,200066785,53,56
CC de l'Outre-Forêt,CC OUTRE FORET,200040178,44,67
CC de la Baie du Cotentin,CC BAIE DU COTENTIN,200042729,28,50
CC de la Basse-Zorn,CC BASSE ZORN CCBZ,246700843,44,67
CC de la Beauce Loirétaine,CC BEAUCE LOIRETAINE,200035764,24,45
CC de la Brie Champenoise,CC DE LA BRIE CHAMPENOISE,245100888,44,51
CC de la Castagniccia-Casinca,CC DE LA CASTAGNICCIA CASINCA,200073252,94,2B
CC de la Champagne Conlinoise et du Pays de Sillé,CC CCPS,200072718,52,72
CC de la Champagne Picarde,CC CHAMPAGNE PICARDE,240200576,32,02
CC de la Châtaigneraie Cantalienne,CC CHATAIGNERAIE CANTALIENNE,200066678,84,15
CC de la Châtre et Sainte-Sévère,CC LA CHATRE SAINTE-SEVERE-SUR-INDRE,243600350,24,36
"CC de la Cléry,du Betz et de l'Ouanne",CC CLERY DU BETZ ET DE OUANNE,200067668,"24,27","45,89"
CC de la Costa Verde,CC DE LA COSTA VERDE,200034205,94,2B
CC de la Côte d'Albâtre,CC COTE D'ALBATRE,200069839,28,76
CC de la Côtière à Montluel,CC DE LA COTIERE A MONTLUEL,240100610,84,01
CC de la Dombes,CC DOMBES,200069193,84,01
CC de la Forêt,CC LA FORET NEUVILLE,244500484,24,45
CC de la Gascogne Toulousaine,CC GASCOGNE TOULOUSAINE,200023620,76,"31,32"
CC de la Grande Vallée de la Marne,CC DE LA GRANDE VALLEE DE LA MARNE,245100615,44,51
CC de la Haute-Bigorre,CC HAUTE-BIGORRE,246500482,76,65
CC de la Haute-Deûle,CC LA HAUTE DEULE,245901061,32,59
CC de la Haute-Saintonge,CC HAUTE SAINTONGE,200041523,75,17
CC de la Haute-Somme,CC HAUTE SOMME,200037059,32,80
CC de la Haute Ariège,CC DE LA HAUTE ARIEGE,200066363,76,09
CC de la Haute Comté,CC DE LA HAUTE COMTE,200041721,27,70
CC de la Haute Vallée de Chevreuse,CC HAUTE VALLEE DE CHEVREUSE,200033173,11,78
CC de la Lomagne Gersoise,CC LOMAGNE GERSOISE,243200391,76,32
CC de la Lomagne Tarn-et-Garonnaise,CC LOMAGNE TARN ET GARONNAISE,248200065,76,82
CC de la Marche Berrichonne,CC MARCHE BERRICHONNE,200007052,24,36
CC de la Matheysine,CC DE LA MATHEYSINE,200040657,84,38
CC de la Moivre à la Coole,CC DE LA MOIVRE A LA COOLE,200043438,44,51
CC de la Montagne d'Ardèche,CC DE LA MONTAGNE D'ARDECHE,200072007,84,07
CC de la Montagne Noire,CC DE LA MONTAGNE NOIRE,200042463,76,11
CC de la Mossig et du Vignoble,CC MOSSIG ET VIGNOBLE,200068864,44,67
CC de la Muse et des Raspes du Tarn,CC MUSE ET RASPES DU TARN,241200914,76,12
CC de la Picardie Verte,CC PICARDIE VERTE,246000848,32,60
CC de la Piève de l'Ornano et du Taravo,COMMUNAUTE COMMUNES PIEVE D'ORNANO,200038958,94,2A
CC de la Plaine d'Estrées,CC PLAINE D'ESTREES,246000897,32,60
CC de la Plaine de l'Ain,CC PLAINE DE L'AIN,240100883,84,01
CC de la Plaine Dijonnaise,CC PLAINE DIJONNAISE,200000925,27,21
CC de la Plaine du Nord Loiret,CC PLAINE DU NORD LOIRET,244500542,24,45
CC de la Plaine du Rhin,CC PLAINE RHIN,200041283,44,67
CC de la Plaine Jurassienne,CC PLAINE JURASSIENNE,243901089,27,39
CC de la Porte des Vosges Méridionales,CC PVM,200068377,44,88
CC de la Région d'Audruicq,CC REGION AUDRUICQ,246200844,32,62
CC de la Région de Bar-sur-Aube,CC BAR-SUR-AUBE,241000405,44,10
CC de la Région de Blain,CC BLAIN,244400453,52,44
CC de la Région de Guebwiller,CC REGION GUEBWILLER,246800569,44,68
CC de la Région de Levroux,CC LEVROUX,243600293,24,36
CC de la Région de Molsheim-Mutzig,CC MOLSHEIM MUTZIG   CCMM,246701064,44,67
CC de la Région de Rambervillers,CC RAMBERVILLERS,200005957,44,88
CC de la Région de Suippes,CC REGION DE SUIPPES,200042620,44,51
CC de la Save au Touch,CC DE LA SAVE AU TOUCH,243100781,76,31
CC de la Sologne des Étangs,CC SOLOGNE DES ETANGS,244100780,24,41
CC de la Sologne des Rivières,CC SOLOGNE DES RIVIERES,244100806,24,41
CC de la Station des Rousses-Haut Jura,CC STATION ROUSSES,243900354,27,39
CC de la Tenarèze,CC LA TENAREZE,243200417,76,32
CC de la Terre des Deux Caps,CC DE LA TERRE DES 2 CAPS,246200380,32,62
CC de la Thiérache du Centre,CC THIERACHE DU CENTRE,240200444,32,02
CC de la Vallée d'Ossau,CC DE LA VALLEE D OSSAU,246400337,75,64
CC de la Vallée de Chamonix-Mont-Blanc,CC DE LA VALLEE DE CHAMONIX-MONT-BLANC,200023372,84,74
CC de la Vallée de Kaysersberg,CC VALLEE KAYSERSBERG,246800551,44,68
CC de la Vallée de l'Homme,CC VALLEE DE L HOMME,200041168,75,24
CC de la Vallée de l'Oise et des Trois Forêts,CC VALLEE OISE TROIS FORETS,249500455,11,95
CC de la Vallée de la Bruche,CC VALLEE-BRUCHE CCVB,246700306,44,67
CC de la Vallée de la Doller et du Soultzbach,CC VALLEE DOLLER SOULTZBACH,246800676,44,68
CC de la Vallée de la Haute-Sarthe,CC VALLEE DE LA HAUTE SARTHE,200035103,28,61
CC de la Vallée de Munster,CC VALLEE MUNSTER,246800585,44,68
CC de la Vallée de Saint-Amarin,CC VALLEE SAINT AMARIN,246800205,44,68
CC de la Vallée de Villé,CC VALLEE DE VILLE     CCVV,246700777,44,67
CC de la Vallée du Gapeau,CC VALLEE DU GAPEAU,248300410,93,83
CC de la Vallée du Garon (CCVG),CC VALLEE DU GARON - CCVG,246900757,84,69
CC de la Vallée du Lot et du Vignoble,CC VALLEE LOT ET VIGNOBLE,244600433,76,46
CC de la Vallée Verte,CC DE LA VALLEE VERTE,247400047,84,74
CC de la Vanne et du Pays d'Othe,CC DE LA VANNE ET PAYS D'OTHE,248900664,27,89
CC de la Veyle,CC DE LA VEYLE,200070555,84,01
CC de Lacq-Orthez,CC LACQ-ORTHEZ,200039204,75,64
CC de Lévézou Pareloup,CC LEVEZOU PARELOUP,241200765,76,12
CC de Londinières,CC LONDINIERES,247600604,28,76
CC de Marana-Golo,CC DE MARANA GOLO,200036499,94,2B
CC de Marcigny,CC DE MARCIGNY,247100639,27,71
CC de Marie-Galante,CC MARIE GALANTE,249710047,01,971
CC de Millau Grands Causses,CC MILLAU GRANDS CAUSSES,241200567,76,"12,48"
CC de Mimizan,CC MIMIZAN,244000543,75,40
CC de Mirecourt Dompaire,CC MIRECOURT DOMPAIRE,200068369,44,88
CC de Miribel et du Plateau,CC MIRIBEL ET PLATEAU,240100800,84,01
CC de Montaigne Montravel et Gurson,CC MONTAIGNE MONTRAVEL ET GURSON,200034197,75,24
CC de Montbenoît,CC CANTON MONTBENOIT,242500320,27,25
CC de Montesquieu,CC MONTESQUIEU,243301264,75,33
CC de Noblat,CC DE NOBLAT,248719361,75,87
CC de Nozay,CC REGION NOZAY,244400537,52,44
CC de Parthenay-Gâtine,CC DE PARTHENAY-GATINE (CCPG),200041333,75,79
CC de Petite-Terre,CC PETITE TERRE,200050532,06,976
CC de Petite Camargue,CC PETITE CAMARGUE,243000593,76,30
CC de Pont-Audemer / Val de Risle,CC DE PONT-AUDEMER / VAL-DE-RISLE,200065787,28,27
CC de Portes Sud Périgord,CC PORTES SUD PERIGORD,200040889,75,24
CC de Pouilly-en-Auxois/Bligny-sur-Ouche,CC POUILLY BLIGNY,200071207,27,21
CC de Puisaye-Forterre,CC PUISAYE FORTERRE,200067130,27,"58,89"
CC de Sablé-sur-Sarthe,CC DE SABLE SUR SARTHE,247200090,52,"53,72"
CC de Saint-Méen Montauban,CC ST MEEN MONTAUBAN,200038990,53,35
CC de Saulieu,CC SAULIEU,242101442,27,21
CC de Seille et Grand Couronné,CC SEILLE ET GRAND COURONNE,200070589,44,54
CC de Sélestat,CC SELESTAT   CCS,246700967,44,67
CC de Sézanne-Sud Ouest Marnais,CC DE SEZANNE-SUD OUEST MARNAIS,200066835,44,51
CC de Thann-Cernay,CC THANN-CERNAY,200036465,44,68
CC de Val'Aïgo,CC VAL'AIGO,243100773,76,31
CC de Vendeuvre-Soulaines,CC VENDEUVRE-SOULAINES,200066892,44,10
CC de Ventadour - Egletons - Monédières,CC VENTADOUR-EGLETONS-MONEDIERES,241900133,75,19
CC de Vezouze en Piémont,CC DE VEZOUZE EN PIEMONT,200069433,44,54
CC de Vie et Boulogne,CC VIE ET BOULOGNE,200072882,52,85
CC de Villedieu Intercom,CC VILLEDIEU INTERCOM,200043354,28,50
"CC de Vitry,Champagne et Der",CC VITRY CHAMPAGNE ET DER,200034718,44,51
CC de Yenne,CC YENNE,247300262,84,73
CC Decazeville Communauté,CC DECAZEVILLE COMMUNAUTE,200067064,76,12
CC des 1000 étangs,CC DES 1000 ETANGS,247000854,27,70
CC des 4B Sud Charente,CC DES 4B SUD CHARENTE,200029734,75,16
"CC des Albères,de la Côte Vermeille et de l'Illibéris",CC DES ALBERES COTE VERMEILLE ILLIBERIS,200043602,76,66
CC des Aspres,CC DES ASPRES,246600449,76,66
CC des Ballons des Hautes-Vosges,CC BALLONS HAUTES VOSGES,200033868,44,88
CC des Baronnies en Drôme Provençale,CC BARONNIES DROME PROVENCALE,200068229,84,26
CC des Bastides Dordogne-Périgord,CC BASTIDES DORDOGNE PERIGORD,200034833,75,24
CC des Bastides en Haut-Agenais Périgord,CC BASTIDES HAUT AGENAIS PERIGORD,200036523,75,47
CC des Campagnes de l'Artois,CC DES CAMPAGNES DE L'ARTOIS,200069482,32,62
CC des Causses à l'Aubrac,CC DES CAUSSES A L'AUBRAC,200068484,76,12
CC des Cévennes au Mont Lozère,CC CEVENNES AU MONT LOZERE,200069136,76,48
CC des Cévennes Gangeoises et Suménoises,CC CEVENNES GANGEOISES SUMENOISES,243400736,76,"30,34"
CC des Coëvrons,CC COEVRONS,200033298,52,53
CC des Collines du Nord Dauphiné,CC COLLINES NORD DAUPHINE,243801255,84,38
CC des Collines du Perche,CC DES COLLINES DU PERCHE,244100293,24,41
CC des Collines du Perche Normand,CC COLLINES DU PERCHE NORMAND,200071504,28,61
CC des Combes,CC DES COMBES,247000367,27,70
CC des Coteaux Arrats Gimone,CC COTEAUX ARRATS GIMONE,200042372,76,32
CC des Coteaux Bellevue,CC COTEAUX DE BELLEVUE,243100815,76,31
CC des Coteaux Bordelais,CC COTEAUX BORDELAIS,243301355,75,33
CC des Coteaux du Girou,CC DES COTEAUX DU GIROU,243100732,76,31
CC des Coteaux du Val-d'Arros,CC VAL D'ARROS,200070803,76,65
CC des Coteaux et Landes de Gascogne,CC DES COTEAUX ET LANDES DE GASCOGNE,244701355,75,47
CC des Crêtes Préardennaises,CC CRETES PREARDENNAISES,240800862,44,08
CC des Deux Morin,CC DES DEUX MORIN,200072544,11,77
CC des Deux Rives,CC DES DEUX RIVES,248200016,"75,76","32,47,82"
CC des Deux Vallées,CC DES 2 VALLEES,246000772,32,60
CC des Deux Vallées,CC DES 2 VALLEES CC2V,249100157,11,91
CC des Deux Vallées Vertes,CC DES DEUX VALLEES VERTES,200068294,27,25
CC des Forêts du Perche,CC DES FORETS DU PERCHE,200069912,24,28
CC des Gorges de l'Ardèche,CC DES GORGES DE L ARDECHE,200039808,84,07
CC des Grands Lacs,CC DES GRANDS LACS,244000873,75,40
CC des Hautes-Vosges,CC HAUTES VOSGES,200071157,44,88
CC des Hautes Terres de l'Aubrac,CC HAUTES TERRES DE L AUBRAC,200069144,76,48
CC des Hauts de Flandre,CC DES HAUTS DE FLANDRE,200040954,32,59
CC des Hauts du Perche,CC DES-HAUTS-DU-PERCHE,200068856,28,61
CC des Hauts du Val de Saône,CC DES HAUTS DU VAL DE SAONE,200036150,27,70
CC des Hauts Tolosans,CC DES HAUTS TOLOSANS,200071314,76,31
CC des Lacs de Champagne,CC DES LACS EN CHAMPAGNE,200040137,44,10
CC des Lacs et Montagnes du Haut-Doubs,CC DES LACS ET MONTAGNES DU HAUT-DOUBS,200069565,27,25
CC des Landes d'Armagnac,CC DES LANDES D'ARMAGNAC,200035541,75,40
CC des Lisières de l'Oise,CC DES LISIERES DE L'OISE,246000749,32,60
CC des Loges,CC DES LOGES JARGEAU,244500427,24,45
CC des Luys en Béarn,CC DES LUYS EN BEARN,200067239,75,64
CC des Montagnes du Giffre,CC DES MONTAGNES DU GIFFRE,200034098,84,74
CC des Monts d'Alban et du Villefranchois,CC MONTS D'ALBAN ET VILLEFRANCHOIS,200034031,76,81
CC des Monts de Gy,CC DES MONTS DE GY,247000698,27,70
CC des Monts de Lacaune et de la Montagne du Haut Languedoc,CC MONTS LACAUNE MONTAGNE HT LANGUEDOC,200066553,76,"34,81"
CC des Monts du Lyonnais,CC MONTS DU LYONNAIS - CCML,200066587,84,"42,69"
CC des Monts du Pilat,CC DES MONTS DU PILAT,244200622,84,42
CC des Pays d'Oise et d'Halatte,CC PAYS OISE ET HALATTE,246000921,32,60
CC des Pays de Cayres et de Pradelles,CC DES PAYS CAYRES PRADELLES,244301123,84,43
CC des Pays de L'Aigle,CC DES PAYS DE L'AIGLE,200068468,28,61
CC des Pays du Sel et du Vermois,CC PAYS DU SEL ET DU VERMOIS,245400189,44,54
CC des Paysages de la Champagne,CC DES PAYSAGES DE LA CHAMPAGNE,200066850,44,51
CC des Portes d'Ariège Pyrénées,CC DES PORTES D'ARIEGE-PYRENEES,200066231,76,09
CC des Portes de l'Entre-deux-Mers,CC PORTES ENTRE 2 MERS,243301439,75,33
CC des Portes de la Thiérache,CC PORTES DE LA THIERACHE,240200634,32,02
CC des Portes de Meuse,CC PORTES DE MEUSE,200066108,44,55
CC des Portes de Romilly-sur-Seine,CC PORTES ROMILLY,200000545,44,10
CC des Portes de Rosheim,CC PORTES DE ROSHEIM,246700744,44,67
CC des Portes de Sologne,CC DES PORTES DE SOLOGNE,200005932,24,45
CC des Portes de Vassivière,CC PORTES DE VASSIVIERE,248719353,75,87
CC des Portes du Haut-Doubs,CC DES PORTES DU HAUT-DOUBS,242504181,27,25
CC des Portes du Luxembourg,CC DES PORTES DU LUXEMBOURG,240800847,44,08
CC des Portes Euréliennes d'Île-de-France,CC PTES EURELIENNES ILE FRANCE,200069953,24,28
CC des Quatre Rivières,CC DES 4 RIVIERES,200069730,28,"27,76"
CC des Quatre Rivières,CC DES 4 RIVIERES,247000623,27,70
CC des Quatre Rivières,CC DES QUATRE-RIVIERES,247400666,84,74
CC des Quatre Vallées,CC QUATRE VALLEES FERRIERES,244500419,24,45
CC des Rives du Haut-Allier,CC DES RIVES DU HAUT ALLIER,200073393,84,43
CC des Sablons,CC SABLONS,246000582,32,60
CC des Savanes,CC DES SAVANES,200027548,03,973
CC des Savoir-Faire,CC DES SAVOIR-FAIRE,200070332,"27,44","52,70"
CC des Sept Vallées,CC 7 VALLEES COMM,200044030,32,62
CC des Sorgues du Comtat,CC LES SORGUES DU COMTAT MONTEUX,248400293,93,84
CC des Sources de l'Orne,CC DES SOURCES DE L'ORNE,200035111,28,61
CC des Sources du Lac d'Annecy,CC SOURCES DU LAC D'ANNECY,247400773,84,74
CC des Sucs,CC DES SUCS,244301016,84,43
CC des Terres d'Apcher-Margeride-Aubrac,CC TERRES D APCHER MARGERIDE AUBRAC,200069185,76,48
CC des Terres d'Auxois,CC DES TERRES D'AUXOIS,200071017,27,21
CC des Terres du Lauragais,CC DES TERRES DU LAURAGAIS,200071298,76,31
CC des Terres du Val de Loire,CC TERRES DU VAL DE LOIRE,200070183,24,"41,45"
CC des Trois Forêts,CC DES TROIS FORETS,245200597,44,52
CC des Trois Rivières,CC DU PAYS TROIS RIVIERES,240200600,32,02
CC des Vallées d'Aigueblanche,CC VALLEES AIGUEBLANCHE,247300015,84,73
CC des Vallées d'Auge et du Merlerault,CC VALLEES-D-AUGE-MERLERAULT,200069458,28,61
CC des Vallées de la Braye et de l'Anille,CC VALLEES BRAYE ET ANILLE,200072692,52,72
CC des Vallées de la Tille et de l'Ignon,CC VALLEES TILLE IGNON,242100154,27,21
CC des Vallées de Thônes,CC DES VALLEES DE THONES (CCVT),247400617,84,74
CC des Vallées du Clain,CC DES  VALLEES DU CLAIN,200043628,75,86
CC des Vallées du Haut-Anjou,CC VALLEES DU HAUT-ANJOU,200071868,52,49
CC des Vallons du Lyonnais (CCVL),CC VALLONS DU LYONNAIS - CCVL,246900724,84,69
CC des Vals d'Aix et Isable,CC DES VALS D'AIX ET ISABLE,244200614,84,42
CC des Vals de Saintonge Communauté,CC VALS DE SAINTONGE,200041689,75,17
CC des Villes Sœurs,CC DES VILLES SOEURS,247600588,"28,32","76,80"
CC des Vosges côté Sud Ouest,CC COTE SUD OUEST,200068773,44,88
CC des Vosges du Sud,CC VOSGES DU SUD,200069060,27,90
CC Dieulefit-Bourdeaux,CC DIEULEFIT-BOURDEAUX,242600492,84,26
CC Dombes Saône Vallée,CC DOMBES SAONE VALLEE,200042497,84,01
CC Dômes Sancy Artense,CC DOMES SANCY ARTENSE,200069169,84,63
CC Domfront Tinchebray Interco,CC DOMFRONT-TINCHEBRAY-INTERC,200071520,28,61
CC Douarnenez Communauté,CC DOUARNENEZ COMMUNAUTE,242900645,53,29
CC Drôme Sud Provence,CC DROME SUD PROVENCE,200042901,84,26
CC Dronne et Belle,CC DRONNE ET BELLE,200041572,75,24
CC du Barséquanais en Champagne,CC BARSEQUANAIS EN CHAMPAGNE,200069003,44,10
CC du Bas Armagnac,CC BAS ARMAGNAC,243200409,76,32
CC du Bassin d'Aubenas,CC BASSIN D AUBENAS,200073245,84,07
CC du Bassin de Joinville en Champagne,CC DU BASSIN DE JOINVILLE EN CHAMPAGNE,200044253,44,52
CC du Bassin de Marennes,CC MARENNES,241700699,75,17
CC du Bassin de Pompey,CC BASSIN DE POMPEY,245400601,44,54
CC du Bassin de Pont-à-Mousson,CC DU BASSIN DE PONT-A-MOUSSON,200041515,44,54
CC du Bazadais,CC DU BAZADAIS,200043982,75,33
CC du Béarn des Gaves,CC DU BEARN DES GAVES,200067288,75,64
CC du Bocage Bourbonnais,CC DU BOCAGE BOURBONNAIS,200071496,84,03
CC du Bocage Mayennais,CC BOCAGE MAYENNAIS,245300389,52,53
CC du Bonnevalais,CC DU BONNEVALAIS,242852465,24,28
CC du Briançonnais,CC DU BRIANCONNAIS,240500439,93,05
CC du Canton d'Erstein,CC CANTON ERSTEIN CCCE,200067924,44,67
CC du Canton d'Oulchy-le-Château,CC CANTON OULCHY-LE-CHATEAU,240200519,32,02
CC du Canton de Charly-sur-Marne,CC CANTON DE CHARLY,240200584,32,02
CC du Canton de la Chambre,CC CANTON DE LA CHAMBRE,247300361,84,73
CC du Canton de Semur-en-Brionnais,CC SEMUR-EN-BRIONNAIS,247103864,27,71
CC du Cap Corse,CC DU CAP CORSE,200042943,94,2B
CC du Castelrenaudais,CC DU CASTELRENAUDAIS,243700499,24,37
CC du Causse de Labastide-Murat,CC CAUSSE LABASTIDE-MURAT,244600573,76,46
CC du Centre-Ouest,CC DU CENTRE OUEST,200059871,06,976
CC du Centre Corse,CC DU CENTRE CORSE,242020071,94,2B
CC du Centre du Haut-Rhin,CC CENTRE HAUT-RHIN,246800445,44,68
CC du Chaourçois et du Val d'Armance,CC CHAOURCOIS ET VAL D'ARMANCE,200071041,44,10
CC du Châtillonnais en Berry,CC DU CHATILLONNAIS EN BERRY,200035848,24,36
CC du Chemin des Dames,CC DU CHEMIN DES DAMES,240200592,32,02
CC du Civraisien en Poitou,CC DU  CIVRAISIEN EN POITOU,200070035,75,86
CC du Clermontais,CC DU CLERMONTAIS,243400355,76,34
CC du Clermontois,CC PAYS CLERMONTOIS,246000376,32,60
CC du Clunisois,CC DU CLUNISOIS,200040293,27,71
CC du Confluent et des Coteaux de Prayssas,CC CONFLUENT ET COT PRAYSSAS,200068922,75,47
CC du Cordais et du Causse (4 C),CC CORDAIS ET CAUSSE-4C,200034064,76,81
CC du Créonnais,CC DU CREONNAIS,243301215,75,33
CC du Crestois et de Pays de Saillans Cœur de Drôme,CC DU CRESTOIS ET PAYS SAILLANS COEUR DR,200040509,84,26
CC du Diois,CC DU DIOIS,242600534,84,26
CC du District Urbain de Faulquemont (DUF),CC FAULQUEMONT,245700133,44,57
CC du Doubs Baumois,CC DU DOUBS BAUMOIS,242504447,27,25
CC du Fronsadais,CC DU FRONSADAIS,243301397,75,33
CC du Frontonnais,CC DU FRONTONNAIS,200034957,76,31
CC du Gâtinais en Bourgogne,CC DU GATINAIS EN BOURGOGNE,248900748,27,89
CC du Genevois,CC DU GENEVOIS,247400690,84,74
CC du Gévaudan,CC DU GEVAUDAN,244800470,76,48
CC du Golfe de Saint-Tropez,CC GOLFE ST-TROPEZ,200036077,93,83
CC du Grand Armagnac,CC GRAND ARMAGNAC,243200458,76,32
CC du Grand Autunois Morvan,CC DU GRAND AUTUNOIS MORVAN,200070530,27,71
CC du Grand Chambord,CC GRAND CHAMBORD,244100798,24,41
CC du Grand Châteaudun,CC DU GRAND CHATEAUDUN,200069961,24,28
CC du Grand Cubzaguais,CC GRAND CUBZAGAIS,243301223,75,33
CC du Grand Langres,CC DU GRAND LANGRES,200072999,44,52
CC du Grand Pic Saint-Loup,CC GRAND PIC ST LOUP,200022986,76,34
CC du Grand Pontarlier,CC DU GRAND PONTARLIER,242500338,27,25
CC du Grand Roye,CC GRAND ROYE,200070977,32,80
CC du Grand Saint-Émilionnais,CC DU GRAND SAINT EMILIONNAIS,200035533,75,33
CC du Guillestrois et du Queyras,CC GUILLESTROIS QUEYRAS,200067452,93,05
CC du Haut-Allier,CC DU HAUT ALLIER,200006930,76,48
CC du Haut-Béarn,CC DU HAUT BEARN,200067262,75,64
CC du Haut-Chablais,CC DU HAUT-CHABLAIS (CCHC),247400682,84,74
CC du Haut-Jura - ARCADE,CC DU HAUT-JURA ARCADE,243900479,27,39
CC du Haut-Lignon,CC DU HAUT LIGNON,244301107,84,43
CC du Haut-Poitou,CC DU HAUT POITOU,200069763,75,86
CC du Haut Pays Bigouden,CC DU HAUT PAYS BIGOUDEN,242900710,53,29
CC du Haut Pays du Montreuillois,CC DU HAUT PAYS DU MONTREUILLOIS,200069235,32,62
CC du Haut Val d'Oise,CC HAUT VAL-D'OISE,249500489,11,95
CC du Haut Vallespir,CC HAUT VALLESPIR,246600548,76,66
CC du Jovinien,CC DU JOVINIEN,248900938,27,89
CC du Kochersberg,CC KOCHERSBERG NOUVELLE,200034635,44,67
CC du Kreiz-Breizh (CCKB),CC KREIZ-BREIZ  ROSTRENEN,242200715,53,22
CC du Lac d'Aiguebelette (CCLA),CC LAC AIGUEBELETTE,247300668,84,73
CC du Lautrécois et du Pays d'Agout,CC LAUTRECOIS-PAYS D'AGOUT,200034056,76,81
CC du Liancourtois,CC LIANCOURTOIS,246000129,32,60
CC du Limouxin,CC DU LIMOUXIN,200071926,76,11
CC du Massif du Sancy,CC MASSIF DU SANCY,246300966,84,"15,63"
CC du Massif du Vercors,CC MASSIF DU VERCORS / CCMV,243801024,84,38
CC du Minervois au Caroux,CC DU MINERVOIS AU CAROUX,200066348,76,34
CC du Mont des Avaloirs,CC MONT DES AVALOIRS - CCMA,200042182,52,53
CC du Montbardois,CC MONTBARDOIS,242101491,27,21
CC du Nivernais Bourbonnais,CC NIVERNAIS-BOURBONNAIS,245804497,27,58
CC du Nogentais,CC DU NOGENTAIS,200006716,44,10
CC du Nord de Mayotte,CC DU NORD DE MAYOTTE,200060465,06,976
CC du Nord Est Béarn,CC NORD EST BEARN,200067296,75,64
CC du Pays Arnay Liernais,CC PAYS ARNAY LIERNAIS,200071173,27,21
CC du Pays Beaume-Drobie,CC DU PAYS BEAUME-DROBIE,240700302,84,07
CC du Pays Bellegardien (CCPB),CC PAYS BELLEGARDIEN,240100891,84,01
CC du Pays Bigouden Sud,CC DU PAYS BIGOUDEN,242900702,53,29
CC du Pays Châtillonnais,CC PAYS CHATILLONNAIS,242101434,27,21
CC du Pays d'Alésia et de la Seine,CC PAYS ALESIA ET SEINE,242101459,27,21
CC du Pays d'Ancenis,CC PAYS D'ANCENIS (COMPA),244400552,52,"44,49"
CC du Pays d'Étain,CC ETAIN,245501242,44,55
CC du Pays d'Héricourt,CC DU PAYS D'HERICOURT,247000722,27,"25,70"
CC du Pays d'Huriel,CC DU PAYS D'HURIEL,240300657,84,03
CC du Pays d'Iroise,CC DU PAYS DE L'IROISE (CCPI),242900074,53,29
CC du Pays d'Issoudun,CC DU PAYS D ISSOUDUN,243600236,24,"18,36"
CC du Pays d'Olmes,CC DU PAYS D'OLMES,240900464,76,09
CC du Pays d'Othe,CC PAYS D'OTHE,241000447,44,10
CC du Pays d'Urfé,CC DU PAYS D'URFE,244200820,84,42
CC du Pays d'Uzerche,CC PAYS UZERCHE,241927243,75,19
CC du Pays de Barr,CC PAYS DE BARR   CCPB,200034270,44,67
CC du Pays de Bitche,CC DU PAYS DE BITCHE,200069441,44,57
CC du Pays de Bray,CC PAYS DE BRAY,246000913,32,60
CC du Pays de Château-Gontier,CC CHATEAU-GONTIER,245300447,52,53
CC du Pays de Colombey et du Sud Toulois,CC COLOMBEY ET SUD TOULOIS,245400510,44,"54,88"
CC du Pays de Conches,CC DU PAYS DE CONCHES,242700276,28,27
CC du Pays de Craon,CC DU PAYS DE CRAON,200048551,52,53
CC du Pays de Cruseilles,CC DU PAYS DE CRUSEILLES,247400112,84,74
CC du Pays de Dol et de la Baie du Mont-Saint-Michel,CC PAYS DOL BAIE MT ST MICHEL,200070670,53,35
CC du Pays de Duras,CC DU PAYS DE DURAS,244700449,75,47
CC du Pays de Falaise,CC PAYS DE FALAISE,241400514,28,14
CC du Pays de Fayence,CC PAYS DE FAYENCE,200004802,93,83
CC du Pays de Fénelon,CC DU PAYS DE FENELON,200040830,75,24
CC du Pays de Honfleur-Beuzeville,CC PAYS HONFLEUR-BEUZEVILLE,200066827,28,"14,27"
CC du Pays de l'Arbresle (CCPA),CC PAYS DE L'ARBRESLE - CCPA,246900625,84,69
CC du Pays de l'Huisne Sarthoise,CC PAYS DE L'HUISNE SARTHOISE,247200686,52,72
CC du Pays de l'Ourcq,CC DE PAYS DE L OURCQ (CCPO),247700065,11,77
CC du Pays de l'Ozon,CC PAYS DE L'OZON - CCPO,246900765,84,69
CC du Pays de la Châtaigneraie,CC PAYS DE LA CHATAIGNERAIE,248500415,52,85
CC du Pays de la Serre,CC DU PAYS DE LA SERRE,240200469,32,02
CC du Pays de la Zorn,CC PAYS DE LA ZORN  CCPZ,246700959,44,67
CC du Pays de Lalbenque-Limogne,CC PAYS DE LALBENQUE-LIMOGNE,244600532,76,46
CC du Pays de Lamastre,CC DU PAYS DE LAMASTRE,200016905,84,07
CC du Pays de Landerneau-Daoulas,CC DE LANDERNEAU DAOULAS,242900801,53,29
CC du Pays de Landivisiau,CC DU PAYS DE LANDIVISIAU,242900751,53,29
CC du Pays de Lapalisse,CC LAPALISSE,240300491,84,03
CC du Pays de Lauzun,CC DU PAYS DE LAUZUN,244700464,75,47
CC du Pays de Limours (CCPL),CC DU PAYS LIMOURS,249100074,11,91
CC du Pays de Lubersac-Pompadour,CC PAYS LUBERSAC-POMPADOUR,200066603,75,19
CC du Pays de Lumbres,CC PAYS DE LUMBRES,246201016,32,62
CC du Pays de Lunel,CC PAYS DE LUNEL,243400520,76,34
CC du Pays de Lure,CC DU PAYS DE LURE,247000664,27,70
CC du Pays de Luxeuil,CC DU PAYS DE LUXEUIL,247000755,27,70
CC du Pays de Maîche,CC DU PAYS DE MAICHE,200023075,27,25
CC du Pays de Mauriac,CC PAYS MAURIAC,241500271,84,15
CC du Pays de Meslay-Grez,CC MESLAY GREZ,245300223,52,53
CC du Pays de Mirepoix,CC DU PAYS DE MIREPOIX,200044469,76,09
CC du Pays de Montbozon et du Chanois,CC DU PAYS DE MONTBOZON ET DU CHANOIS,200041853,27,70
CC du Pays de Montfaucon,CC PAYS MONTFAUCON,244300307,84,43
CC du Pays de Montmédy,CC MONTMEDY,245501259,44,55
CC du Pays de Mormal,CC PAYS DE MORMAL,200043321,32,59
CC du Pays de Mortagne,CC DU PAYS DE MORTAGNE,248500662,52,85
CC du Pays de Mortagne-au-Perche,CC DU PAYS DE MORTAGNE-AU-PERCHE,200036069,28,61
CC du Pays de Niederbronn-les-Bains,CC PAYS NIEDERBRONN LES BAINS,246701098,44,67
CC du Pays de Phalsbourg,CC PAYS DE PHALSBOURG,245700950,44,57
CC du Pays de Pontchâteau Saint-Gildas-des-Bois,CC PAYS PONTCHATEAU SAINT-GILDAS,200000438,52,44
CC du Pays de Pouzauges,CC DU PAYS DE POUZAUGES,248500464,52,85
CC du Pays de Revigny-sur-Ornain,CC REVIGNY-SUR-ORNAIN,245501184,44,55
CC du Pays de Ribeauvillé,CC PAYS RIBEAUVILLE,246800577,44,68
"CC du Pays de Rouffach,Vignobles et Châteaux",CC PAYS ROUFFACH VIGNOBLES CHT,246800494,44,68
CC du Pays de Saint-Aulaye,CC PAYS DE SAINT-AULAYE,242400935,75,24
CC du Pays de Saint-Éloy,CC DU PAYS DE SAINT ELOY,200072080,84,63
CC du Pays de Saint-Fulgent - Les Essarts,CC PAYS ST-FULGENT-LES ESSARTS,200071918,52,85
CC du Pays de Saint-Gilles-Croix-de-Vie,CC PAYS ST-GILLES-CROIX-DE-VIE,200023778,52,85
CC du Pays de Saint-Yrieix,CC PAYS DE SAINT-YRIEIX,248700189,75,"19,87"
CC du Pays de Sainte-Odile,CC PAYS DE SAINTE ODILE   CCPSO,246701080,44,67
CC du Pays de Salars,CC PAYS DE SALARS,241200658,76,12
CC du Pays de Salers,CC PAYS DE SALERS,241501139,84,15
CC du Pays de Sancey-Belleherbe,CC DU PAYS DE SANCEY-BELLEHERBE,242504371,27,25
CC du Pays de Saverne,CC PAYS DE SAVERNE CCPS,200068112,44,67
CC du Pays de Serres en Quercy,CC PAYS DE SERRES EN QUERCY,200040418,76,82
CC du Pays de Sommières,CC DU PAYS DE SOMMIERES,243000296,76,30
CC du Pays de Stenay et du Val Dunois,CC PAYS STENAY ET VAL DUNOIS,200066132,44,55
CC du Pays de Tarascon,CC DU PAYS DE TARASCON,240900431,76,09
CC du Pays de Trie et du Magnoac,CC PAYS DE TRIE ET MAGNOAC,200070795,76,65
CC du Pays de Tronçais,CC DU PAYS DE TRONCAIS,240300558,84,03
CC du Pays de Valois,CC DU PAYS DE VALOIS,246000871,32,60
CC du Pays de Villeneuve en Armagnac Landais,CC PAYS VILLENEUVE EN ARMAGNAC LANDAIS,244000774,75,40
CC du Pays de Villersexel,CC DU PAYS DE VILLERSEXEL,247000714,27,"25,70"
CC du Pays de Wissembourg,CC PAYS WISSEMBOURG CCPW,246700926,44,67
CC du Pays des Abers,CC DE PLABENNEC ET DES ABERS,242900553,53,29
CC du Pays des Achards,CC DU PAYS DES ACHARDS,248500530,52,85
CC du Pays des Ecrins,CC DU PAYS DES ECRINS,240500462,93,05
CC du Pays des Herbiers,CC DU PAYS DES HERBIERS,248500621,52,85
CC du Pays des Paillons,CC DU PAYS DES PAILLONS,240600593,93,06
CC du Pays des Sorgues et des Monts de Vaucluse,CC PAYS DES SORGUES-ET-MONTS VAUCLUSE,248400319,93,84
CC du Pays des Sources,CC PAYS DES SOURCES,246000855,32,60
CC du Pays du Coquelicot,CC PAYS DU COQUELICOT,248000747,32,80
CC du Pays du Neubourg,CC DU PAYS DU NEUBOURG,242700607,28,27
CC du Pays du Saintois,CC DU PAYS DU SAINTOIS,200035772,44,54
CC du Pays du Sanon,CC DU PAYS DU SANON,245400759,44,54
CC du Pays du Vermandois,CC PAYS DU VERMANDOIS,240200493,32,02
CC du Pays entre Loire et Rhône,CC DU PAYS ENTRE LOIRE ET RHONE,244200630,84,42
CC du Pays Fertois et du Bocage Carrougien,CC PAYS-FERTOIS- BOCAGE-CARROUGIEN,200071652,28,61
CC du Pays Fléchois,CC DU PAYS FLECHOIS,247200348,52,72
CC du Pays Fouesnantais,CC DU PAYS FOUESNANTAIS,242900660,53,29
CC du Pays Foyen,CC PAYS FOYEN,243301371,75,"24,33"
CC du Pays Gentiane,CC PAYS GENTIANE,241500255,84,15
CC du Pays Grenadois,CC DU PAYS GRENADOIS,244000824,75,40
CC du Pays Haut Val d'Alzette,CC PAYS HAUT VAL ALZETTE,245701404,44,"54,57"
CC du Pays Houdanais (C.C.P.H.),CC DU PAYS HOUDANAIS,247800550,"11,24","28,78"
CC du Pays Loudunais,CC DU LOUDUNAIS,248600447,75,86
CC du Pays Morcenais,CC DU PAYS MORCENAIS,244000691,75,40
CC du Pays Mornantais (COPAMO),CC PAYS MORNANTAIS - COPAMO,246900740,84,69
CC du Pays Noyonnais,CC PAYS NOYONNAIS,246000756,32,60
CC du Pays Orne Moselle,CC PAYS ORNE MOSELLE (CCPOM),245701271,44,57
CC du Pays Rethélois,CC DU PAYS RETHELOIS,200043156,44,08
CC du Pays Réuni d'Orange,CC DU PAYS REUNI D'ORANGE,248400236,93,84
CC du Pays Rhénan,CC PAYS RHENAN,200041325,44,67
CC du Pays Rignacois,CC DU PAYS RIGNACOIS,241200625,76,12
CC du Pays Riolais,CC DU PAYS RIOLAIS,247000706,27,70
CC du Pays Rochois,CC DU PAYS ROCHOIS,247400724,84,74
CC du Pays Solesmois,CC SOLESMOIS,245901038,32,59
CC du Pays Tarusate,CC PAYS TARUSATE,244000766,75,40
CC du Pays Viganais,CC DU PAYS VIGANAIS,243000270,76,30
CC du Perche,CC DU PERCHE,200006971,24,28
CC du Perche et Haut Vendômois,CC PERCHE ET HAUT VENDOMOIS,200040772,24,41
CC du Périgord Nontronnais,CC PERIGORD NONTRONNAIS,200071819,75,24
CC du Périgord Ribéracois,CC DU PERIGORD RIBERACOIS,200040400,75,24
CC du Piémont Cévenol,CC PIEMONT CEVENOL,200034411,76,30
CC du Pilat Rhodanien,CC DU PILAT RHODANIEN,244200895,84,42
CC du Pithiverais,CC DU PITHIVERAIS,200066280,24,45
CC du Pithiverais-Gâtinais,CC DU PITHIVERAIS GATINAIS,200071850,24,45
CC du Plateau de Frasne et du Val de Drugeon (CFD),CC PLATEAU DE FRASNE ET VAL DRUGEON,242504496,27,25
CC du Plateau de Lannemezan,CC PLATEAU LANNEMEZAN,200070787,76,65
CC du Plateau de Montbazens,CC PLATEAU DE MONTBAZENS,241200674,76,12
CC du Plateau de Russey,CC DU PLATEAU DU RUSSEY,242504355,27,25
CC du Plateau Picard,CC PLATEAU PICARD,246000566,32,60
CC du Pont du Gard,CC DU PONT DU GARD,243000684,76,30
CC du Provinois,CC DU PROVINOIS (CCDP),200037133,11,77
CC du Quercy Blanc,CC QUERCY BLANC,200039519,76,46
CC du Quercy Caussadais,CC QUERCY CAUSSADAIS,248200057,76,82
CC du Quercy Rouergue et des Gorges de l'Aveyron,CC QUERCY ROUERGUE GORGES AVEYRON,248200107,76,"81,82"
CC du Réolais en Sud Gironde,CC DU REOLAIS EN SUD GIRONDE,200044394,75,33
CC du Réquistanais,CC DU REQUISTANAIS,241200542,76,12
CC du Rhône aux Gorges de l'Ardèche,CC DU RHONE AUX GORGES DE L'ARDECHE,240700864,84,07
CC du Ried de Marckolsheim,CC RIED MARCKOLSHEIM CCRM,200030526,44,"67,68"
CC du Romorantinais et du Monestois,CC DU ROMORANTINAIS ET DU MONESTOIS,200018406,24,41
CC du Rouillacais,CC DU ROUILLACAIS,241600303,75,16
CC du Royans-Vercors,CC ROYANS VERCORS,200067767,84,26
CC du Sammiellois,CC SAMMIELLOIS,245500327,44,55
CC du Sartenais Valinco Taravo,CC DU SARTENAIS VALINCO TARAVO,242010130,94,2A
CC du Saulnois,CC SAULNOIS,245701206,44,57
CC du Saves,CC DU SAVES,243200599,76,32
CC du Secteur de Saint-Loubès,CC SECTEUR SAINT LOUBES,243301249,75,33
CC du Seignanx,CC DU SEIGNANX,244000659,75,40
CC du Serein,CC DU SEREIN,200039709,27,89
CC du Sisteronais-Buëch,CC DU SISTERONAIS-BUECH,200068765,"84,93","04,05,26"
CC du Sor et de l'Agout,CC SOR-ET-AGOUT,248100158,76,81
CC du Sud,CC DU SUD,200060473,06,976
CC du Sud-Artois,CC SUD ARTOIS,200035442,32,62
CC du Sud-Estuaire,CC SUD ESTUAIRE (CCSE),244400586,52,44
CC du Sud Avesnois,CC DU SUD AVESNOIS,200043404,32,59
CC du Sud Corse,CC DU SUD CORSE,200040764,94,2A
CC du Sud Est du Pays Manceau,CC SUD EST PAYS MANCEAU,247200421,52,72
CC du Sud Gironde,CC DU SUD GIRONDE,200043974,75,33
CC du Sud Marnais,CC SUD MARNAIS,245100979,44,51
CC du Sud Messin,CC DU SUD MESSIN,200039907,44,57
CC du Sud Territoire,CC SUD-TERRITOIRE-CCST,249000241,27,90
CC du Ternois,CC DU TERNOIS,200069672,32,"62,80"
CC du Terrassonnais en Périgord Noir Thenon Hautefort,CC TERRASSON PGD NOIR THENON HAUTEFORT,200041150,75,24
CC du Territoire de Fresnes-en-Woëvre,CC FRESNES,245501176,44,55
CC du Territoire de Lunéville à Baccarat,CC TERRIT LUNEVILLE A BACCARAT,200070324,44,54
CC du Territoire Nord Picardie,CC TERRITOIRE NORD PICARDIE,200070951,32,80
CC du Thouarsais,CC DU THOUARSAIS (CCT),247900798,75,79
CC du Triangle Vert,CC DU TRIANGLE VERT,200041861,27,70
CC du Trièves,CC DU TRIEVES,200030658,84,38
CC du Val d'Amboise,CC DU VAL D'AMBOISE,200043065,24,37
CC du Val d'Amour,CC DU VAL D'AMOUR,243900420,27,39
CC du Val d'Argent,CC VAL D'ARGENT,246800395,44,68
CC du Val d'Ay,CC DU VAL D'AY,240700716,84,07
CC du Val d'Essonne (CCVE),CC VAL-D'ESSONNE,249100546,11,91
CC du Val d'Ille-Aubigné,CC DU VAL D'ILLE-AUBIGNE,243500667,53,35
CC du Val d'Orne,CC VAL D'ORNE,246100390,28,61
CC du Val de Bouzanne,CC VAL-DE-BOUZANNE,200018521,24,36
CC du Val de Cher,CC DU VAL DE CHER,240300566,84,03
CC du Val de Drôme en Biovallée,CC DU VAL DE DROME EN BIOVALLEE,242600252,84,26
CC du Val de l'Aisne,CC DU VAL DE L'AISNE,240200501,32,02
CC du Val de l'Eyre,CC DU VAL DE L'EYRE,243301405,75,33
CC du Val de l'Oise,CC DU VAL DE L OISE,200040426,32,02
CC du Val de Morteau,CC VAL DE MORTEAU,242504116,27,25
CC du Val de Sarthe,CC VAL DE SARTHE,247200629,52,72
CC du Val de Somme,CC DU VAL DE SOMME,248000499,32,80
CC du Val de Sully,CC VAL DE SULLY,200070100,24,45
CC du Val de Vienne,CC VAL DE VIENNE,248719288,75,87
CC du Val Marnaysien,CC VAL MARNAYSIEN,200041887,27,"25,70"
CC du Vallespir,CC DU VALLESPIR,246600373,76,66
CC du Vexin-Thelle,CC VEXIN-THELLE,246000707,32,60
CC du Vexin-Val de Seine,CC VEXIN VAL-DE-SEINE,249500513,11,95
CC du Vexin Normand,CC DU VEXIN NORMAND,200071843,28,27
CC du Vimeu,CC VIMEU,200070944,32,80
CC du Volvestre,CC DU VOLVESTRE,200066819,76,31
CC du Warndt,CC WARNDT,245701164,44,57
CC Écueillé-Valençay,CC ECUEILLE - VALENCAY,200040558,24,36
CC Éguzon - Argenton - Vallée de la Creuse,CC EGUZON-ARGENTON-VALLEE DE LA CREUSE,200068872,24,36
CC Élan Limousin Avenir Nature,CC ELAN LIMOUSIN AVENIR NATURE,200066512,75,87
CC Enclave des Papes-Pays de Grignan,CC ENCLAVE DES PAPES PAYS DE GRIGNAN,200040681,"84,93","26,84"
CC Entr'Allier Besbre et Loire,CC ENTR'ALLIER BESBRE ET LOIRE,200071470,84,03
"CC Entre Arroux,Loire et Somme",CC ENTRE ARROUX LOIRE ET SOMME,200070316,27,71
CC Entre Beauce et Perche,CC ENTRE BEAUCE ET PERCHE,200058360,24,28
CC Entre Dore et Allier,CC ENTRE DORE ET ALLIER,246301097,84,63
CC Entre Juine et Renarde (CCEJR),CC JUINE ET RENARDE,249100553,11,91
CC Entre Saône et Grosne,CC ENTRE SAONE ET GROSNE,247103765,27,71
CC Estuaire et Sillon,CC ESTUAIRE ET SILLON,200072734,52,44
CC Falaises du Talou,CC FALAISES DU TALOU,247600729,28,76
CC Faucigny-Glières,CC FAUCIGNY-GLIERES CCFG,200000172,84,74
CC Fercher Pays Florentais,CC FERCHER PAYS FLORENTAIS,241800457,24,18
CC Fier et Usses,CC FIER ET USSES,247400567,84,74
CC Flandre Lys,CC FLANDRES-LYS,245900758,32,"59,62"
"CC Forêts,Lacs,Terres en Champagne",CC FORETS LACS TERRES CHAMPAGNE,241000223,44,10
"CC Forêts,Seine et Suzon",CC FORETS SEINE ET SUZON,200039063,27,21
CC Fumel Vallée du Lot,CC FUMEL VALLEE DU LOT,200068930,75,47
CC Gally Mauldre,CC GALLY MAULDRE,200034130,11,78
CC Gartempe - Saint-Pardoux,CC GARTEMPE-SAINT-PARDOUX,248719262,75,87
CC Gâtinais Val de Loing,CC GATINAIS-VAL DE LOING,200023919,11,77
CC Giennoises,CC GIENNOISES,244500211,24,45
CC Gorges Causses Cévennes,CC GORGES CAUSSES CEVENNES,200069151,76,48
CC Grand-Figeac,CC GRAND FIGEAC 2,200067361,76,"12,46"
CC Grand Orb,CC GRAND ORB CC EN LANGUEDOC,200042646,76,34
CC Grand Sud Tarn et Garonne,CC GRAND SUD TARN ET GARONNE,200066652,76,82
CC Haut-Jura Saint-Claude,CC HAUT JURA - SAINT CLAUDE,200026573,27,39
CC Haut-Léon Communauté,CC HAUT LEON COMMUNAUTE,200067072,53,29
CC Haut Chemin-Pays de Pange,CC HAUT CHEMIN-PAYS DE PANGE,200067957,44,57
CC Haut Limousin en Marche,CC HAUT LIMOUSIN EN MARCHE,200071942,75,87
CC Haut Nivernais-Val d'Yonne,CC HAUT NIVERNAIS VAL D'YONNE,200067429,27,"58,89"
CC Haut Val de Sèvre,CC DU HAUT VAL DE SEVRE (CCHVS),200041994,75,79
CC Haute-Corrèze Communauté,CC HAUTE-CORREZE COMMUNAUTE,200066744,75,"19,23"
CC Haute-Maurienne Vanoise,CC HAUTE MAURIENNE VANOISE,200070340,84,73
CC Haute-Provence-Pays de Banon,CC HAUTE PROVENCE-PAYS DE BANON,200071025,93,04
CC Haute Sarthe Alpes Mancelles,CC HAUTE SARTHE ALPES MANCELLES,200072700,52,72
CC Hautes Terres Communauté,CC HAUTES TERRES COMMUNAUTE,200066637,84,15
CC Houve-Pays Boulageois,CC HOUVE-PAYS BOULAGEOIS,200067650,44,57
CC Inter-Caux-Vexin,CC INTER-CAUX-VEXIN,200070449,28,76
CC Interco Normandie Sud Eure,CC INTERCO NORMANDIE SUD EURE,200066462,"24,28","27,28"
CC Intercom Bernay Terres de Normandie,CC INTERCOM BERNAY TERRES DE NORMANDIE,200066413,28,27
CC Intercom de la Vire au Noireau,CC DE LA VIRE AU NOIREAU,200068799,28,14
CC Interrégionale Aumale - Blangy-sur-Bresle,CC INTERREGIONALE AUMALE-BLANGY-SUR,200069722,"28,32","76,80"
CC Isigny-Omaha Intercom,CC ISIGNY-OMAHA INTERCOM,200066801,28,14
CC Isle-Loue-Auvézère en Périgord,CC ISLE LOUE AUVEZERE EN PERIGORD,242401024,75,24
CC Isle Double Landais,CC ISLE DOUBLE LANDAIS,200040384,75,24
CC Isle et Crempse-en-Périgord,CC ISLE ET CREMPSE EN PERIGORD,200069094,75,24
CC Isle Vern Salembre en Périgord,CC ISLE VERN SALEMBRE EN PERIGORD,200040095,75,24
CC Jabron-Lure-Vançon-Durance,CC JABRON-LURE-VANCON-DURANCE,200071033,"84,93","04,26"
CC Jalle-Eau-Bourde,CC JALLE EAU BOURDE,243301165,75,33
CC Jura Nord,CC JURA NORD,243900560,27,39
"CC Jura Sud,Pays des Lacs,Petite Montagne et Région d'Orgelet",CC PETITE MONTAGNE,200090579,27,39
"CC Jura Sud,Pays des Lacs,Petite Montagne et Région d'Orgelet",CC JURA SUD,200090579,27,39
"CC Jura Sud,Pays des Lacs,Petite Montagne et Région d'Orgelet",CC DU PAYS DES LACS,200090579,27,39
"CC Jura Sud,Pays des Lacs,Petite Montagne et Région d'Orgelet",CC REGION D'ORGELET,200090579,27,39
CC l'Orée de la Brie,CC L'OREE DE LA BRIE,247700644,11,"77,91"
CC La Clayette Chauffailles en Brionnais,CC LA CLAYETTE CHAUFFAILLES EN BRIONNAIS,200070548,27,71
CC La Domitienne,CC LA DOMITIENNE,243400488,76,34
CC La Grandvallière,CC LA GRANDVALLIERE,243900610,27,39
CC La Rochefoucauld - Porte du Périgord,CC LA ROCHEFOUCAULD - PORTE DU PERIGORD,200068914,75,16
CC La Septaine,CC DE LA SEPTAINE,241800374,24,18
CC Lacs et Gorges du Verdon,CC LACS ET GORGES DU VERDON,200040210,93,83
CC Larzac et Vallées,CC LARZAC ET VALLEES,241200906,76,12
CC Latitude Nord Gironde,CC LATITUDE NORD GIRONDE,243301181,75,33
CC Lauragais Revel Sorezois,CC LAURAGAIS-REVEL-SOREZOIS,243100567,76,"11,31,81"
CC Lavalette Tude Dronne,CC LAVALETTE TUDE ET DRONNE,200070282,75,16
CC Le Dourdannais en Hurepoix (CCDH),CC DOURDANNAIS EN HUREPOIX (LE),249100595,11,91
CC Le Dunois,CC DU DUNOIS,241800424,24,18
CC Le Gesnois Bilurien,CC LE GESNOIS BILURIEN,200072684,52,72
CC Le Grand Charolais,CC LE GRAND CHAROLAIS,200071884,"27,84","03,71"
CC Le Grésivaudan,CC LE GRESIVAUDAN,200018166,84,38
CC Le Tonnerrois en Bourgogne,CC LE TONNERROIS EN BOURGOGNE,200039642,27,89
CC Leff Armor Communauté,CC LEFF ARMOR COMMUNAUTE (LAC),200069086,53,22
CC Les Avant-Monts,CC LES AVANTS MONTS,200071058,76,34
CC Les Balcons du Dauphiné,CC LES BALCONS DU DAUPHINE,200068542,84,38
CC Les Bertranges,CC LES BERTRANGES,200068088,"24,27","18,58"
CC Les Portes Briardes entre Villes et Forêts,CC LES PORTES BRIARDES,200023125,11,77
CC Les Portes de l'Ile de France,CC LES PORTES DE L'ILE DE FRANCE,200071074,11,78
CC Les Trois Provinces,CC DES 3 PROVINCES,241800432,24,18
CC Les Vals du Dauphiné,CC LES VALS DU DAUPHINE,200068567,84,38
CC Les Versants d'Aime,CC LES VERSANTS D'AIME,247300817,84,73
CC Lieuvin Pays d'Auge,CC LIEUVIN PAYS D'AUGE,200066017,28,27
CC Liffré-Cormier Communauté,CC LIFFRE-CORMIER COMMUNAUTE,243500774,53,35
CC Loches Sud Touraine,CC LOCHES SUD TOURAINE,200071587,24,37
CC Lodévois et Larzac,CC LODEVOIS ET LARZAC,200017341,76,34
CC Loir-Lucé-Bercé,CC LOIR-LUCE-BERCE,200070373,52,72
CC Loire et Allier,CC LOIRE-ET-ALLIER,245801063,27,58
CC Loire et Semène,CC LOIRE ET SEMENE,244301131,84,43
CC Loire Layon Aubance,CC LOIRE LAYON AUBANCE,200071553,52,49
CC Lot et Tolzac,CC LOT-ET-TOLZAC,244701405,75,47
CC Loudéac Communauté - Bretagne Centre,CC LOUDEAC COMMUNAUTE-BRETAGNE CENTRE,200067460,53,22
CC Loue-Lison,CC LOUE LISON,200068070,27,25
CC Loué - Brûlon - Noyen,CC LOUE-BRULON-NOYEN,200040475,52,72
CC Lyon Saint Exupéry en Dauphiné,CC LYON ST EXUPERY EN DAUPHINE,243800935,84,38
CC Lyons Andelle,CC LYONS ANDELLE,200070142,28,27
CC Mâconnais - Tournugeois,CC MACONNAIS-TOURNUGEOIS,200069698,27,71
CC Mad et Moselle,CC MAD ET MOSELLE,200070738,44,"54,57"
CC Maine Cœur de Sarthe,CC MAINE COEUR DE SARTHE,200068963,52,72
CC Maine Saosnois,CC MAINE SAOSNOIS,200072676,"28,52","61,72"
CC Marche et Combraille en Aquitaine,CC MARCHE COMBRAILLE  AQUITAINE,200067593,75,23
CC Marche Occitane - Val d'Anglin,CC MARCHE OCCITANE VAL D'ANGLIN,200035137,24,36
CC Marches du Velay-Rochebaron,CC MARCHES DU VELAY-ROCHEBARON,200073427,84,43
CC Maremne Adour Côte Sud,CC ADOUR COTE SUD,244000865,75,40
CC Maurienne Galibier,CC MAURIENNE GALIBIER,247300452,84,73
CC Mayenne Communauté,CC MAYENNE COMMUNAUTE,200055887,52,53
CC Méditerranée Porte des Maures,CC MEDITERRANEE PORTE DES MAURES,200027100,93,83
CC Médoc Atlantique,CC MEDOC ATLANTIQUE,200070720,75,33
CC Médoc Cœur de Presqu'île,CC MEDOC COEUR DE PRESQU'ILE,200069995,75,33
CC Médoc Estuaire,CC MEDOC ESTUAIRE,243301447,75,33
CC Médullienne,CC MEDULLIENNE,243301389,75,33
CC Mellois-en-Poitou,CC MELLOIS EN POITOU,200069755,75,79
"CC Meurthe,Mortagne,Moselle",CC MEURTHE MORTAGNE MOSELLE,200067643,44,54
CC Meuse Rognon,CC MEUSE ROGNON,200069664,44,52
CC Mézenc-Loire-Meygal,CC MEZENC-LOIRE-MEYGAL,200073401,84,43
CC Midi Corrézien,CC MIDI CORREZIEN,200066769,75,19
CC Mirebellois et Fontenois,CC MIREBELLOIS ET FONTENOIS,200072825,27,21
CC Mond'Arverne Communauté,CC MOND'ARVERNE COMMUNAUTE,200069177,84,63
CC Mont Lozère,CC MONT LOZERE,200069128,76,"30,48"
CC Montfort Communauté,CC MONTFORT COMMUNAUTE,243500550,53,35
CC Monts d'Arrée Communauté,CC MONTS D'ARREE COMMUNAUTE,200067197,53,29
"CC Monts,Rance et Rougier",CC MONTS RANCE ET ROUGIER,200067163,76,12
CC Moret Seine et Loing,CC MORET SEINE-ET-LOING  CCMSL,247700032,11,77
CC Morvan Sommets et Grands Lacs,CC MORVAN SOMMETS ET GRANDS LACS,200067890,27,58
CC Moselle et Madon,CC MOSELLE ET MADON,245400171,44,54
CC Nebbiu - Conca d'Oro,CC NEBBIU CONCA D'ORO,200073120,94,2B
CC Neste Barousse,CC NESTE BAROUSSE,200070829,76,65
CC Nièvre et Somme,CC NIEVRE ET SOMME,200071223,32,80
CC Norge et Tille,CC NORGE ET TILLE,200069540,27,21
CC Normandie-Cabourg-Pays d'Auge,CC NORMANDIE-CABOURG-PAYS AUGE,200065563,28,14
CC Océan Marais de Monts,CC OCEAN MARAIS DE MONTS,248500258,52,85
CC Orée de Bercé - Belinois,CC OREE DE BERCEE BELINOIS,247200447,52,72
CC Orne Lorraine Confluences,CC ORNE LORRAINE CONFLUENCE,200070845,44,54
CC Osartis Marquion,CC OSARTIS - MARQUION,200044048,32,62
CC Ouche et Montagne,CC OUCHE ET MONTAGNE,200039055,27,21
CC Ouest Aveyron Communauté,CC OUEST AVEYRON COMMUNAUTE,200069383,76,"12,46"
CC Ouest Limousin,CC OUEST LIMOUSIN,200066520,75,87
CC Pasquale Paoli,CC PASQUALE PAOLI,200073138,94,2B
CC Pays d'Apt-Luberon,CC DU PAYS D APT LUBERON,200040624,93,"04,84"
CC Pays d'Évian Vallée d'Abondance,CC PAYS EVIAN VALLEE ABONDANCE,200071967,84,74
CC Pays d'Opale,CC PAYS D'OPALE,200072478,32,62
CC Pays d'Orthe et Arrigans,CC PAYS ORTHE ET ARRIGANS,200069417,75,40
CC Pays d'Uzès,CC PAYS D'UZES,200034379,76,30
CC Pays de Chantonnay,CC DU PAYS DE CHANTONNAY,248500340,52,85
CC Pays de Châteaugiron Communauté,CC PAYS DE CHATEAUGIRON COMMUNAUTE,243500659,53,35
CC Pays de Fontenay-Vendée,CC PAYS DE FONTENAY-VENDEE,200071934,52,85
CC Pays de Montereau,CC PAYS DE MONTEREAU,247700107,11,77
CC Pays de Nay,CC DU PAYS DE NAY,246401756,"75,76","64,65"
CC Pays de Nemours,CC DU PAYS DE NEMOURS,200023240,11,77
CC Pays de Nérondes,CC PAYS DE NERONDES,200007177,24,18
CC Pays de Nexon Monts de Chalus,CC PAYS DE NEXON MONTS DE CHALUS,200070506,75,87
CC Pays des Vans en Cévennes,CC PAYS DES VANS EN CEVENNES,200039832,84,07
CC Pays du Mont-Blanc,CC PAYS DU MONT-BLANC,200034882,84,74
CC Pays Forcalquier et Montagne de Lure,CC PAYS DE FORCALQUIER MONT DE LURE,240400440,93,04
CC Pays Fort Sancerrois Val de Loire,CC PAYS FORT SANCERROIS VAL DE LOIRE,200069227,24,18
CC Pays Rhin - Brisach,CC PAYS RHIN BRISACH,200066025,44,68
CC Pays Ségali Communauté,CC PAYS SEGALI COMMUNAUTE,200068831,76,12
CC Périgord-Limousin,CC PERIGORD LIMOUSIN,242400752,75,24
CC Perthois-Bocage et Der,CC PERTHOIS-BOCAGE ET DER,200042992,44,51
CC Pévèle-Carembault,CC PEVELE CAREMBAULT,200041960,32,59
CC Picardie des Châteaux,CC PICARDIE DES CHATEAUX,200071769,32,02
CC Piège Lauragais Malepère,CC PIEGE LAURAGAIS MALEPERE,200035707,76,11
CC Plaine Limagne,CC PLAINE LIMAGNE,200071199,84,63
CC Plaines et Monts de France,CC PLAINES ET MONTS ET FRANCE,200033090,11,77
CC Plateau de Caux-Doudeville-Yerville,CC PLATEAU DE CAUX-DOUDEVILLE-YERVILLE,200069847,28,76
CC Pleyben-Châteaulin-Porzay,CC PLEYBEN-CHATEAULIN-PORZAY,200067247,53,29
CC Ploërmel Communauté,CC PLOERMEL COMMUNAUTE,200066777,53,56
CC Poher communauté,CC POHER COMMUNAUTE,242900744,53,"22,29"
CC Ponthieu-Marquenterre,CC PONTHIEU-MARQUENTERRE,200070936,32,80
CC Pontivy Communauté,CC PONTIVY COMMUNAUTE,245614433,53,"22,56"
CC Porte d'Aquitaine en Pays de Serres,CC PORTE AQUITAINE EN PAYS DE SERRES,200036572,75,47
CC Porte de Drômardèche,CC PORTE DE DROMARDECHE,200040491,84,"07,26"
CC Porte de Maurienne,CC PORTE DE MAURIENNE,247300676,84,73
CC Porte du Jura,CC PORTE DU JURA,200072056,27,39
CC Porte Océane du Limousin,CC PORTE OCEANE DU LIMOUSIN,200059400,75,87
CC Portes de la Creuse en Marche,CC PORTES CREUSE EN MARCHE,200041556,75,23
CC Portes du Berry entre Loire et Val d'Aubois,CC PORTES DU BERRY ENTRE LOIRE ET VA,200011781,24,18
CC Pré-Bocage Intercom,CC PRE-BOCAGE INTERCOM,200069524,28,14
CC Presqu'île de Crozon-Aulne maritime,CC PRESQU'ILE DE CROZON-AULNE MARITIME,200066868,53,29
CC Provence Verdon,CC PROVENCE VERDON,200040202,93,83
CC Pyrénées Audoises,CC PYRENEES AUDOISES,200043776,76,11
CC Pyrénées catalanes,CC PYRENEES CATALANES,246600464,76,66
CC Pyrénées Cerdagne,CC PYRENEES CERDAGNE,246600399,76,66
CC Pyrénées Haut Garonnaises,CC PYRENEES HAUT GARONNAISES,200072635,76,31
CC Pyrénées Vallées des Gaves,CC PYRENEES VALLEES DES GAVES,200070811,76,65
CC Quercy - Bouriane,CC QUERCY BOURIANE,244600482,76,46
CC Quercy Vert-Aveyron,CC QUERCY VERT-AVEYRON,200066884,76,82
CC Questembert Communauté,CC QUESTEMBERT COMMUNAUTE,245614383,53,56
CC Rahin et Chérimont,CC RAHIN ET CHERIMONT,247000821,27,70
CC Randon - Margeride,CC RANDON MARGERIDE,200069102,76,48
"CC Région Lézignanaise,Corbières et Minervois",CC REGION LEZIGNANAISE CORBIERES MINERVO,200035863,76,11
CC Retz-en-Valois,CC RETZ EN VALOIS,200071991,32,02
CC Rhône Crussol,CC RHONE-CRUSSOL,200041366,84,07
CC Rhône Lez Provence,CC RHONE-LEZ-PROVENCE,200000628,93,84
"CC Rhony,Vistre,Vidourle",CC RHONY VISTRE VIDOURLE,243000569,76,30
CC Rives de l'Ain - Pays du Cerdon,CC RIVES AIN PAYS CERDON,200029999,84,01
CC Rives de Moselle,CC RIVES DE MOSELLE,200039949,44,57
CC Rives de Saône,CC RIVES SAONE SAINT-JEAN SEURRE,242101509,27,21
CC Roche aux Fées Communauté,ROCHE AUX FEES COMMUNAUTE,243500634,53,35
CC Roi Morvan Communauté,CC ROI MORVAN COMMUNAUTE,245614417,53,56
CC Roumois Seine,CC ROUMOIS-SEINE,200066405,28,"27,76"
CC Roussillon-Conflent,CC ROUSSILLON CONFLENT,246600415,76,66
CC Rumilly Terre de Savoie,CC RUMILLY TERRE DE SAVOIE,247400740,84,74
CC Rurales de l'Entre-deux-Mers,CC RURALES DE L'ENTRE 2 MERS,200069599,75,33
CC Saint-Flour Communauté,CC SAINT-FLOUR COMMUNAUTE,200066660,84,15
CC Saint-Marcellin Vercors Isère Communauté,CC ST MARCELLIN VERCORS ISERE,200070431,84,38
CC Saint-Pourçain Sioule Limagne,CC SAINT POURCAIN SIOULE LIMAGNE,200071389,84,03
"CC Saint Affricain,Roquefort,Sept Vallons",CC SAINT AFFRICAIN ROQUEFORT SEPT VALLON,200067155,76,12
CC Saint Cyr Mère Boitier entre Charolais et Mâconnais,CC ST CYR MERE BOITIER CHAROLAIS MACONNA,200071645,27,71
CC Saône-Beaujolais,CC SAONE BEAUJOLAIS - CCSB,200067817,84,69
CC Saône Doubs Bresse,CC SAONE DOUBS BRESSE,200040038,27,71
CC Sarlat-Périgord Noir,CC SARLAT-PERIGORD NOIR,200027217,75,24
CC Sarrebourg Moselle Sud,CC SARREBOURG-MOSELLE SUD,200068146,44,57
CC Sauer-Pechelbronn,CC SAUER PECHELBRONN CCSP,200013050,44,67
CC Sauldre et Sologne,CC SAULDRE ET SOLOGNE,200000933,24,18
CC Sausseron Impressionnistes,CC SAUSSERON IMPRESSIONNISTES,249500430,11,95
CC Seine et Aube,CC SEINE ET AUBE,200070126,44,10
CC Senlis Sud Oise,CC SENLIS SUD OISE,200066975,32,60
CC Serein et Armance,CC SEREIN ET ARMANCE,200067304,27,89
CC Serre-Ponçon,CC SERRE-PONCON,200067742,93,"04,05"
CC Serre-Ponçon Val d'Avance,CC SERRE-PONCON VAL D'AVANCE,200067320,93,"04,05"
CC Seulles Terre et Mer,CC SEULLES TERRE MER,200069516,28,14
CC Sèvre et Loire,CC SEVRE ET LOIRE (CCSL),200067866,52,44
CC Sidobre Vals et Plateaux,CC SIDOBRE VALS ET PLATEAUX,200066561,76,81
CC Somme Sud-Ouest,CC SOMME SUD OUEST,200071181,32,80
CC Spelunca-Liamone,COM COM SPELUNCA LIAMONE,200067049,94,2A
CC Sud-Hérault,CC SUD-HERAULT,200042653,76,34
CC Sud-Roussillon,CC SUD ROUSSILLON,246600282,76,66
CC Sud Alsace Largue,CC SUD ALSACE  LARGUE,200066033,44,68
CC Sud Côte Chalonnaise,CC SUD COTE CHALONNAISE,247104094,27,71
CC Sud Nivernais,CC SUD NIVERNAIS,200067700,27,58
CC Sud Retz Atlantique,CC SUD RETZ ATLANTIQUE - CCSRA,200071546,52,44
CC Sud Sarthe,CC SUD SARTHE,200073112,52,72
CC Sud Vendée Littoral,CC SUD VENDEE LITTORAL,200073260,52,85
CC Sumène - Artense,CC SUMENE ARTENSE,241501055,84,15
CC Sundgau,CC SUNDGAU,200066041,44,68
CC Tannay-Brinon-Corbigny,CC TANNAY BRINON CORBIGNY,200067692,27,58
CC Tarn-Agout,CC TARN-AGOUT,200034023,76,"31,81"
CC Terre d'Auge,CC TERRE D AUGE,241400878,28,14
CC Terre d'Eau,CC TERRE EAU,200068682,44,88
CC Terre de Camargue,CC TERRES DE CAMARGUE,243000650,76,30
CC Terre de Picardie,CC TERRE DE PICARDIE,200070928,32,80
CC Terre Lorraine du Longuyonnais,CC TERRE LORRAINE DU LONGUYONNAIS,200043693,44,54
"CC Terres-de-Montaigu,communauté de communes Montaigu-Rocheservière",CC TERRES DE MONTAIGU CCMR,200070233,52,85
CC Terres de Bresse,CC TERRES DE BRESSE,200071538,27,71
CC Terres de Chalosse,CC TERRES DE CHALOSSE,200069631,75,40
CC Terres de Perche,CC TERRES DE PERCHE,200070167,24,28
CC Terres de Saône,CC TERRES DE SAONE,200041879,27,70
CC Terres des Confluences,CC TERRES DES CONFLUENCES,200066322,76,82
CC Terres du Haut Berry,CC TERRES DU HAUT BERRY,200066330,24,18
CC Terres Touloises,CC TERRES TOULOISES,200070563,44,54
CC Territoriale Sud-Luberon,CC TERRITORIALE SUD LUBERON COTELUB,248400285,93,84
CC Terroir de Caux,CC TERROIR DE CAUX,200068534,28,76
CC Thelloise,CC THELLOISE,200067973,32,60
CC Thiérache Sambre et Oise,CC THIERACHE SAMBRE ET OISE,200071983,32,02
CC Thiers Dore et Montagne,CC THIERS DORE ET MONTAGNE,200070712,84,63
CC Thoré Montagne Noire,CC THORE MONTAGNE NOIRE,248100745,76,81
CC Tille et Venelle,CC TILLE ET VENELLE,200070910,27,21
CC Touraine-Est Vallées,CC TOURAINE EST VALLEES,200073161,24,37
CC Touraine Ouest Val de Loire,CC TOURAINE OUEST VAL DE LOIRE,200072981,24,37
CC Touraine Val de Vienne,CC TOURAINE VAL DE VIENNE,200072668,24,37
CC Touraine Vallée de l'Indre,CC TOURAINE VALLEE DE L'INDRE,200072650,24,37
CC Usses et Rhône,CC USSES ET RHONE,200070852,84,"01,74"
CC Vaison Ventoux,CC VAISON VENTOUX - COPAVO,248400335,"84,93","26,84"
CC Val-de-Cher-Controis,CC VAL DE CHER CONTROIS,200072064,24,41
CC Val 81,CC VAL-81,248100497,76,81
CC Val Briard,CC VAL BRIARD,200072874,11,77
CC Val de Charente,CC VAL DE CHARENTE,200043016,75,16
CC Val de Gâtine,CC VAL DE GATINE,200069748,75,79
CC Val de Gers,COMMUNAUTE DE COMMUNES VAL DE GERS,200072320,76,32
CC Val de Gray,CC DU VAL DE GRAY,200036549,27,70
CC Val de l'Indre - Brenne,CC VAL DE L INDRE - BRENNE,243600301,24,36
CC Val de Ligne,CC VAL DE LIGNE,240700617,84,07
CC Val de Meuse - Voie Sacrée,CC VAL DE MEUSE VOIE SACREE,200066165,44,55
CC Val de Saône Centre,CC VAL DE SAONE CENTRE,200070118,84,01
CC Val ès Dunes,CC VAL ES DUNES,200065589,28,14
CC Val Eyrieux,CC VAL'EYRIEUX,200041465,84,07
CC Val Guiers,CC VAL GUIERS,247300528,84,73
CC Val Vanoise,CC VAL VANOISE,200040798,84,73
CC Vallée de l'Hérault,CC VALLEE DE L'HERAULT,243400694,76,34
CC Vallée de l'Ubaye - Serre-Ponçon,CC VALLEE DE L'UBAYE-SERRE-PONCON,200072304,93,04
CC Vallée de la Dordogne et Forêt Bessède,CC VALLEE DGNE FORET BESSEDE,200041051,75,24
CC Vallée des Baux-Alpilles (CC VBA),CC VALLEE DES BAUX - ALPILLES,241300375,93,13
CC Vallées de l'Orne et de l'Odon,CC VALLEES ORNE ET ODON,200066728,28,14
CC Vallées et Plateau d'Ardenne,CC VALLEES ET PLATEAU ARDENNE,200067759,44,08
CC Vallons de Haute-Bretagne Communauté,CC VALLONS HAUTE BRETAGNE COMMUNAUTE,200043990,53,35
CC Vendée Grand Littoral,CC VENDEE GRAND LITTORAL,200071900,52,85
"CC Vendée,Sèvre,Autise",CC VENDEE SEVRE AUTISE,248500563,52,85
CC Ventoux Sud,CC VENTOUX SUD,200035723,"84,93","26,84"
CC Vexin Centre,CC-VEXIN-CENTRE,200035970,11,95
CC Vézère-Monédières-Millesources,CC VEZERE MONEDIERES-MILLESOURCES,200066645,75,19
CC Vienne et Gartempe,CC VIENNE ET GARTEMPE,200070043,75,86
CC Vierzon-Sologne-Berry et Villages de la Forêt,CC VIERZON SOLOGNE BERRY,200090561,24,18
CC Vierzon-Sologne-Berry et Villages de la Forêt,CC VILLAGES DE LA FORET,200090561,24,18
CC Xaintrie Val'Dordogne,CC XAINTRIE VAL'DORDOGNE,200066751,75,19
CC Yonne Nord,CC YONNE NORD,248900896,27,89
CC Yvetot Normandie,CC YVETOT NORMANDIE,247600620,28,76
Clermont Auvergne Métropole,MET CLERMONT AUVERGNE METROPOLE,246300701,84,63
CU Angers Loire Métropole,CU ANGERS LOIRE METROPOLE,244900015,52,49
CU Caen la Mer,CU CAEN LA MER,200065597,28,14
CU d'Alençon,CU D'ALENCON,246100663,"28,52","61,72"
CU d'Arras,CU ARRAS,200033579,32,62
CU de Dunkerque,CU DUNKERQUE,245900428,32,59
CU du Grand Besançon Métropole,CU GRAND BESANCON METROPOLE,242500361,27,25
CU du Grand Poitiers,CU GRAND POITIERS,200069854,75,86
CU du Grand Reims,CU DU GRAND REIMS,200067213,44,51
CU du Havre Seine Métropole,CU LE HAVRE SEINE METROPOLE,200084952,28,76
CU Grand Paris Seine et Oise,CU GPSO,200059889,11,78
CU Le Creusot Montceau-les-Mines,CU LE CREUSOT MONTCEAU-LES-MINES,247100290,27,71
CU Le Mans Métropole,CU LE MANS METROPOLE,247200132,52,72
CU Limoges Métropole,CU LIMOGES METROPOLE,248719312,75,87
CU Perpignan Méditerranée Métropole,CU PERPIGNAN MEDITERRANEE METROPOLE,200027183,76,66
Dijon Métropole,MET DIJON METROPOLE,242100410,27,21
Est Ensemble,EST ENSEMBLE T8,200057875,11,93
Eurométropole de Strasbourg,MET EUROMETROPOLE-STRASBOURG,246700488,44,67
Grand-Orly Seine Bièvre,GRAND-ORLY SEINE BIEVRE,200058014,11,94
Grand Paris - Grand Est,GRAND PARIS EST T9,200058790,11,93
Grand Paris Seine Ouest,GPSO,200057974,11,92
Grand Paris Sud Est Avenir,GRAND PARIS SUD EST AVENIR,200058006,11,94
Grenoble-Alpes-Métropole,MET GRENOBLE-ALPES-METROPOLE,200040715,84,38
Métropole d'Aix-Marseille-Provence,MET AIX MARSEILLE PROVENCE,200054807,93,"13,83,84"
Métropole de Lyon,MET DE LYON,200046977,84,69
Métropole du Grand Nancy,MET DU GRAND NANCY,245400676,44,54
Métropole du Grand Paris,METROPOLE DU GRAND PARIS,200054781,11,"75,91,92,93,94,95"
Métropole Européenne de Lille,MET MEL,245900410,32,59
Métropole Nice Côte d'Azur,METROPOLE NCA,200030195,93,06
Métropole Rouen Normandie,MET METROPOLE ROUEN NORMANDIE,200023414,28,76
Métropole Toulon-Provence-Méditerranée,MET TOULON PROVENCE MEDITERRANEE,248300543,93,83
Metz Métropole,MET METZ,200039865,44,57
Montpellier Méditerranée Métropole,MET MONTPELLIER MED,243400017,76,34
Nantes Métropole,MET NANTES METROPOLE,244400404,52,44
Orléans Métropole,MET ORLEANS,244500468,24,45
Paris-Est-Marne et Bois,PARIS-EST-MARNE ET BOIS,200057941,11,94
Paris Ouest La Défense,PARIS OUEST LA DEFENSE,200057982,11,92
Paris Terres d'Envol,PARIS TERRES D'ENVOL T7,200058097,11,93
Plaine Commune,PLAINE COMMUNE T6,200057867,11,93
Rennes Métropole,MET RENNES METROPOLE,243500139,53,35
Saint-Etienne Métropole,MET SAINT-ETIENNE METROPOLE,244200770,84,42
Toulouse Métropole,MET TOULOUSE,243100518,76,31
Tours Métropole Val de Loire,MET TOURS METROPOLE VAL DE LOIRE,243700754,24,37
Vallée Sud Grand Paris,VALLEE SUD-GRAND PARIS,200057966,11,92
,CC MONTS VALLEES OUEST CREUSE,,,
,CA SEINE EURE,,,
,CA GRAND CALAIS TERRES ET MERS,,,
,CC DU PAYS CRECOIS,,,
